region,n,mean,sd,median,IQR
Paracas,22,34.74294382988934,8.267890955127958,33.3968775989906,12.105724081070129
Marcona,12,35.025529950797065,8.3009584994727,34.25842062908105,12.162002785129097
Ilo,6,35.40976976736157,8.572954273114195,33.14541360724935,14.907699130957454
