"Location","n","mean","sd","median","IQR"
"Lima Market Freeze Dry",3,0.0734717754869616,0.0359110310519958,0.0566521101706386,0.0328241724222039
"Lima Market Oven Dry",3,0.0401600892643315,0.00775617450369208,0.0406432110485376,0.00774488140244525
"Ilo Freeze Dry",3,0.0712555641023219,0.0142320537677158,0.0733066356770877,0.0141207713490993
"Ilo oven dry",1,0.033587876192641,NA,0.033587876192641,0
"Ilo Fresh",3,0.177154980797048,0.100026957516917,0.120506462789695,0.087169956325382
"Lima Market Fresh",1,0.207940964892065,NA,0.207940964892065,0
