Life_S,n,mean,sd,median,IQR
Gam/Tetra,10,0.28302023556603517,0.04462275777759178,0.281328593804839,0.06721730403594606
Carp,2,0.250386772645372,0.020288465589867178,0.250386772645372,0.014346111598465022
Unknown,2,0.37722893049914197,0.011274526118902778,0.37722893049914197,0.00797229387334103
