Location,n,mean,sd,median,IQR
Mendieta,6,82.43667803917693,11.524310784134142,81.62562140488788,9.543826281856155
Concession,3,72.31299847965839,9.209732184115758,67.85083317817629,8.359783341679645
7H,4,91.15111475594799,12.300978766795053,92.0120618460272,14.436951463082053
Powder Ilo,3,73.55912973748116,5.166812754469839,70.90114991708944,4.625722807902022
