comparison,p adj
Carp-Gam/Tetra,0.050338923611467024
Unknown-Gam/Tetra,0.1602536997885835
Unknown-Carp,0.07252747252747253
