Life_S,n,mean,sd,median,IQR
Tetra,3,0.027553854619932035,0.014960492138916771,0.0340425831878114,0.013865014468722351
Carp,7,0.04952388177622113,0.06821149230437334,0.0278195331309536,0.011497806503275951
Gam,24,0.22307927305540046,0.4127531426244729,0.0599698537191131,0.05457625692401331
Gam/Tetra,8,0.0690189184943735,0.03758489519401773,0.06431673546879779,0.0379727758518059
Unknown,3,0.1011823788354443,0.037841209708050196,0.112733390607102,0.03649503729902055
