comparison,diff,lwr,upr,p adj
Carp-Gam/Tetra,0.16385064091133061,-0.05143167209107671,0.3791329539137379,0.15350726319744112
Unknown-Gam/Tetra,0.3465804018399273,-0.07796204469756124,0.7711228483774157,0.12001242194209205
Unknown-Carp,0.18272976092859666,-0.2654161103349404,0.6308756321921337,0.5561186801519664
