total_rows,high_cv_count,average_cv,high_cv_percent
41,13,0.15246067545590078,31.70731707317073
