region,n,mean,sd,median,IQR
Paracas,10,0.26041872678625416,0.15688244039061486,0.24932158627280998,0.28919576909378053
Marcona,8,0.4466202667872211,0.1328431595872867,0.477061822150074,0.20673713277360334
Ilo,1,0.644241301706797,NA,0.644241301706797,0
