"Location","n","mean","sd","median","IQR"
"Mendieta",11,34.1983473333249,8.42057224973978,34.0868831449488,8.7989503196478
"Concession",6,32.7960400460949,7.7789864736294,32.1158926361814,3.8929101849324
"Caro Caido",4,34.672782868264,7.57067574740129,35.2619710876974,11.380634763139
"7H",3,36.9709515230184,14.4723195697531,42.1257707711724,13.7665868180244
"Ilo mariculture",3,42.4845838329286,5.55353357598459,45.5991692386615,4.85450857372659
