Location,n,mean,sd,median,IQR
Mendieta,7,0.2910025381015123,0.17137420136436243,0.339376028878002,0.310822978023479
Concession,3,0.18905650038398514,0.10832569153565985,0.220359305369597,0.1048787692848438
Caro Caido,4,0.42841675045078276,0.17576919411383224,0.40276041412938846,0.2661604403534382
7H,4,0.4648237831236595,0.09694631244416896,0.477061822150074,0.10554183247317306
Powder Ilo,1,0.644241301706797,NA,0.644241301706797,0
