"Location","n","mean","sd","median","IQR"
"Mendieta",11,0.0511630747719341,0.0362298834741864,0.0442464211554708,0.051853900300459
"Concession",6,0.101283778998839,0.0703280030277178,0.0926994368962006,0.115219860715845
"Caro Caido",3,0.065373971181145,0.0270108922457808,0.0726832621749212,0.0262586937753843
"7H",3,0.0356939943706981,0.0378533850924983,0.0154248395151436,0.0335372894558004
"Ilo mariculture",3,0.0482497927402313,0.0319462338839937,0.0587910220698054,0.0306141098602724
"Lima Market Oven Dry",3,0.0401600892643315,0.00775617450369208,0.0406432110485376,0.00774488140244525
