"","join_id","PE_mg_per_g_sample_mean","PE_mg_per_mL_mean","PE_pred_run2_mg_per_g_mean","PE_scaled_mean","PE_se_run2_mean","X455_mean","X564_mean","X592_mean","Xred_mean","total_PE_mg_mean","PE_mg_per_g_sample_sd","PE_mg_per_mL_sd","PE_pred_run2_mg_per_g_sd","PE_scaled_sd","PE_se_run2_sd","X455_sd","X564_sd","X592_sd","Xred_sd","total_PE_mg_sd","PE_mg_per_g_sample_se","PE_mg_per_mL_se","PE_pred_run2_mg_per_g_se","PE_scaled_se","PE_se_run2_se","X455_se","X564_se","X592_se","Xred_se","total_PE_mg_se","PE_mg_per_g_sample_cv","PE_mg_per_mL_cv","PE_pred_run2_mg_per_g_cv","PE_scaled_cv","PE_se_run2_cv","X455_cv","X564_cv","X592_cv","Xred_cv","total_PE_mg_cv","PE_mg_per_g_sample_max_dev_pct","PE_mg_per_mL_max_dev_pct","PE_pred_run2_mg_per_g_max_dev_pct","PE_scaled_max_dev_pct","PE_se_run2_max_dev_pct","X455_max_dev_pct","X564_max_dev_pct","X592_max_dev_pct","Xred_max_dev_pct","total_PE_mg_max_dev_pct","PE_mg_per_g_sample_n","PE_mg_per_mL_n","PE_pred_run2_mg_per_g_n","PE_scaled_n","PE_se_run2_n","X455_n","X564_n","X592_n","Xred_n","total_PE_mg_n","PE_mg_per_g_sample_included_rows","PE_mg_per_mL_included_rows","PE_pred_run2_mg_per_g_included_rows","PE_scaled_included_rows","PE_se_run2_included_rows","X455_included_rows","X564_included_rows","X592_included_rows","Xred_included_rows","total_PE_mg_included_rows","PE_mg_per_g_sample_excluded_rows","PE_mg_per_mL_excluded_rows","PE_pred_run2_mg_per_g_excluded_rows","PE_scaled_excluded_rows","PE_se_run2_excluded_rows","X455_excluded_rows","X564_excluded_rows","X592_excluded_rows","Xred_excluded_rows","total_PE_mg_excluded_rows","join_ids.pe","avg_sample_weight.pe","replicate_date.pe","replicate_count.pe","Sample Code.pe","Location.pe","region.pe","variety.pe","Ind_ID.pe","Life_S.pe","Large Ind?.pe","Protein_mg_per_g_mean","Protein_mg_total_mean","X600_mean","con_mg_per_ml_mean.pr","Protein_mg_per_g_sd","Protein_mg_total_sd","X600_sd","con_mg_per_ml_sd.pr","Protein_mg_per_g_se","Protein_mg_total_se","X600_se","con_mg_per_ml_se.pr","Protein_mg_per_g_cv","Protein_mg_total_cv","X600_cv","con_mg_per_ml_cv.pr","Protein_mg_per_g_max_dev_pct","Protein_mg_total_max_dev_pct","X600_max_dev_pct","con_mg_per_ml_max_dev_pct.pr","Protein_mg_per_g_n","Protein_mg_total_n","X600_n","con_mg_per_ml_n.pr","Protein_mg_per_g_included_rows","Protein_mg_total_included_rows","X600_included_rows","con_mg_per_ml_included_rows.pr","Protein_mg_per_g_excluded_rows","Protein_mg_total_excluded_rows","X600_excluded_rows","con_mg_per_ml_excluded_rows.pr","join_ids.pr","avg_sample_weight.pr","replicate_date.pr","replicate_count.pr","Sample Code.pr","Location.pr","region.pr","variety.pr","Ind_ID.pr","Life_S.pr","Large Ind?.pr","490_mean","750_mean","Rep_mean","absorbance_mean","carb_mg_per_g_mean","carb_mg_total_mean","con_mg_per_ml_mean.carb","490_sd","750_sd","Rep_sd","absorbance_sd","carb_mg_per_g_sd","carb_mg_total_sd","con_mg_per_ml_sd.carb","490_se","750_se","Rep_se","absorbance_se","carb_mg_per_g_se","carb_mg_total_se","con_mg_per_ml_se.carb","490_cv","750_cv","Rep_cv","absorbance_cv","carb_mg_per_g_cv","carb_mg_total_cv","con_mg_per_ml_cv.carb","490_max_dev_pct","750_max_dev_pct","Rep_max_dev_pct","absorbance_max_dev_pct","carb_mg_per_g_max_dev_pct","carb_mg_total_max_dev_pct","con_mg_per_ml_max_dev_pct.carb","490_n","750_n","Rep_n","absorbance_n","carb_mg_per_g_n","carb_mg_total_n","con_mg_per_ml_n.carb","490_included_rows","750_included_rows","Rep_included_rows","absorbance_included_rows","carb_mg_per_g_included_rows","carb_mg_total_included_rows","con_mg_per_ml_included_rows.carb","490_excluded_rows","750_excluded_rows","Rep_excluded_rows","absorbance_excluded_rows","carb_mg_per_g_excluded_rows","carb_mg_total_excluded_rows","con_mg_per_ml_excluded_rows.carb","avg_sample_weight.carb","replicate_date.carb","replicate_count.carb","Sample Code.carb","Location.carb","region.carb","variety.carb","Life_S.carb","Large Ind?.carb","ash_per_mean","ash_per_sd","ash_per_se","ash_per_cv","ash_per_max_dev_pct","ash_per_n","ash_per_included_rows","ash_per_excluded_rows","avg_sample_weight.ash","replicate_date.ash","replicate_count.ash","Sample Code.ash","Location.ash","region.ash","variety.ash","Life_S.ash","Large Ind?.ash","Sample Code","Location","region","variety","Ind_ID","Life_S","Large Ind?","car_per","t_rep_number"
"1","BLANK_01",NA,9.60000000000001e-05,0.00267510922940488,NA,0.00158422387026618,0.00166666666666667,0.00166666666666667,0.00066666666666667,-0.333333333333334,0.000144,NA,NA,NA,NA,NA,NA,NA,NA,NA,NA,NA,NA,NA,NA,NA,NA,NA,NA,NA,NA,NA,NA,NA,NA,NA,NA,NA,NA,NA,NA,NA,0,0,NA,0,0,0,0,0,0,1,1,1,1,1,1,1,1,1,1,NA,NA,NA,NA,NA,NA,NA,NA,NA,NA,NA,NA,NA,NA,NA,NA,NA,NA,NA,NA,"G07",0,NA,1,NA,NA,NA,NA,NA,NA,NA,NA,NA,NA,NA,NA,NA,NA,NA,NA,NA,NA,NA,NA,NA,NA,NA,NA,NA,NA,NA,NA,NA,NA,NA,NA,NA,NA,NA,NA,NA,NA,NA,NA,NA,NA,NA,NA,NA,NA,NA,NA,NA,NA,NA,NA,NA,NA,NA,NA,NA,NA,NA,NA,NA,NA,NA,NA,NA,NA,NA,NA,NA,NA,NA,NA,NA,NA,NA,NA,NA,NA,NA,NA,NA,NA,NA,NA,NA,NA,NA,NA,NA,NA,NA,NA,NA,NA,NA,NA,NA,NA,NA,NA,NA,NA,NA,NA,NA,NA,NA,NA,NA,NA,NA,NA,NA,NA,NA,NA,NA,NA,NA,NA,NA,NA,NA,NA,NA,NA,NA,NA,NA,NA,NA,NA,NA,NA,NA,NA,NA,NA,NA,NA,NA
"2","Lab_01",0.0340425831878114,0.000544,0.103016868599273,34.0425831878114,0.00155891349092793,0.0145555555555556,0.0122222222222222,-0.00044444444444443,19038.3333333333,0.000816,0.00422713315498081,6.92820323027552e-05,0.0265321481597644,4.22713315498081,0.00012141003373007,0.00302459057529248,0.00101835015443463,0.00761820431840976,5034.16252551835,0.00010392304845413,0.00244053646492856,4.00000000000001e-05,0.015318342882219,2.44053646492856,7.0096115656381e-05,0.00174624818283352,0.00058794473579213,0.00439837231397544,2906.47508925235,6e-05,0.124171927014466,0.127356677027124,0.257551491522931,0.124171927014466,0.0778811874017513,0.207796299065896,0.083319558090106,-17.1409597164221,0.264422438528496,0.127356677027123,14.0870364025858,14.7058823529412,29.5947840462218,14.0870364025858,7.83639437123473,23.6641221374045,9.09090909090908,-875.00000000001,30.3843123522717,14.7058823529412,3,3,3,3,3,3,3,3,3,3,345,245,123,345,137,345,345,467,123,245,1267,1367,4567,1267,2456,1267,1267,1235,4567,1367,"A02, A03, A04, A06, A01",18.2857142857143,"Mixed (2025-05-06; NA)",7,"R01","Mendieta","Paracas","C.Cham","I45","Tetra","Yes",34.8410733262455,0.480623608036831,0.163055555555556,0.961247216073662,1.85154378539845,0.096593714568907,0.0299955243575018,0.193187429137814,1.06898930291618,0.0557684071083843,0.0173179240622876,0.111536814216769,0.0531425587283415,0.200975800925503,0.183958922805803,0.200975800925503,5.83995671355544,21.7384038034809,19.8977853492334,21.7384038034809,3,3,3,3,134,235,235,235,25,14,14,14,"A01, A02, A04, A05, A06",16.9,"Mixed (2025-05-30; 2025-06-07)",5,"R01","Mendieta","Paracas","C.Cham","I45","Tetra","Yes",NA,NA,NA,NA,NA,NA,NA,NA,NA,NA,NA,NA,NA,NA,NA,NA,NA,NA,NA,NA,NA,NA,NA,NA,NA,NA,NA,NA,NA,NA,NA,NA,NA,NA,NA,NA,NA,NA,NA,NA,NA,NA,NA,NA,NA,NA,NA,NA,NA,NA,NA,NA,NA,NA,NA,NA,NA,NA,NA,NA,NA,NA,NA,NA,NA,NA,NA,NA,NA,NA,NA,NA,NA,NA,NA,NA,NA,NA,NA,NA,NA,NA,"R01","Mendieta","Paracas","C.Cham","I45","Tetra","Yes",0.460405765305473,2
"3","Lab_02",0.01044447586727,2e-04,0.0110884555005425,10.44447586727,0.00145284196381725,0.00766666666666667,0.00266666666666667,-0.00066666666666666,1596,0.00029999999999999,0.00193909700743306,6.03986754821662e-05,0.00327168266209843,1.93909700743306,5.76615899518971e-05,0.00057735026918962,0.00115470053837925,0.001,620.763239891023,9.05980132232493e-05,0.00111953817922628,3.48711915483255e-05,0.00188890686566556,1.11953817922628,3.32909344806296e-05,0.00033333333333333,0.00066666666666666,0.00057735026918962,358.397823654107,5.23067873224882e-05,0.185657665552146,0.301993377410831,0.295053054227287,0.185657665552146,0.039688824653987,0.0753065568508203,0.43301270189222,-1.50000000000001,0.388949398427959,0.301993377410831,19.2156685771021,32.0000000000002,32.6060536760282,19.2156685771021,4.55125151555505,8.69565217391299,50,0,42.9824561403509,32.0000000000002,3,3,3,3,3,3,3,3,3,3,124,234,134,124,234,234,234,234,134,234,3,1,2,3,1,1,1,1,2,1,"A06, A07, A08, A09",20.725,"2025-05-06",4,"R02","Mendieta","Paracas","C.Cham","I38","Tetra","Yes",18.054735905649,0.282040235150196,0.101388888888889,0.564080470300391,5.15991480056787,0.184391821734115,0.0572597234181752,0.36878364346823,2.9790781991034,0.106458667914557,0.033058916729207,0.212917335829114,0.285792870498507,0.653778428584562,0.564753436453235,0.653778428584562,32.6649251614922,73.2006006576833,63.2328767123288,73.2006006576833,3,3,3,3,145,145,145,145,23,23,23,23,"A03, A04, A07, A08, A09",16.46,"Mixed (2025-05-30; 2025-06-07)",5,"R02","Mendieta","Paracas","C.Cham","I38","Tetra","Yes",0.636333333333333,0.0176666666666667,2,0.618666666666667,81.3442851269022,0.817986353719693,1.63597270743939,0.0102143689640297,0.0217791949652262,1,0.0290057465570761,9.1160529340303,0.0375276061268031,0.0750552122536063,0.00589726867098472,0.0125742240759067,0.577350269189626,0.016746475582774,5.26315561540927,0.021666573499352,0.0433331469987041,0.0160519156061232,1.23278462067318,0.5,0.0468842886159636,0.112067527790166,0.0458780344637181,0.0458780344637181,1.83342063907806,137.735849056604,50,4.74137931034483,12.9400645085332,4.63961744599224,4.63961744599224,3,3,3,3,3,3,3,123,123,123,123,123,123,123,NA,NA,NA,NA,NA,NA,NA,10.1633333333333,NA,3,"R02","Mendieta","Paracas","C.Cham","Tetra","Yes",0.286706834710024,0.0128421361980503,0.00908076159056262,0.0447918732423624,3.16726373117228,2,12,NA,NA,NA,2,"R02","Mendieta","Paracas","C.Cham","Tetra","Yes","R02","Mendieta","Paracas","C.Cham","I38","Tetra","Yes",0.071655941764969,2
"4","Lab_03",0.0287192614118269,0.00060799999999999,0.0254848990677206,28.7192614118269,0.00115338575995467,0.0116666666666667,0.00822222222222222,-0.00055555555555555,4327.55555555556,0.00091199999999999,0.00199181518760388,0.00013218169313486,0.0014299804090047,1.99181518760388,1.99332461807239e-05,0.00088191710368819,0.00083887049280786,0.00327165152540788,271.321935332536,0.0001982725397023,0.00114997503473908,7.63151361133557e-05,0.00082559957407475,1.14997503473908,1.1508465048264e-05,0.00050917507721731,0.00048432210483785,0.00188888888888889,156.64779240129,0.00011447270417003,0.0693546800888003,0.217404100550768,0.0561108915991715,0.0693546800888003,0.0172823758301882,0.0755928946018456,0.102024789665821,-5.88897274573424,0.062696349440095,0.217404100550768,7.34895556465741,25.0000000000001,5.90315053597782,7.34895556465741,1.80471004191577,8.57142857142858,10.8108108108108,-340.000000000004,6.5959741193386,25.0000000000001,3,3,3,3,3,3,3,3,3,3,145,356,457,145,457,157,156,567,457,356,23678,12478,12368,23678,12368,23468,23478,12348,12368,12478,"A08, A09, A10, A11, A12, A05, A06",19.4125,"Mixed (2025-05-06; NA)",8,"R04","Mendieta","Paracas","C.Cham","I26","Carp","Yes",40.0882674845062,0.796389061320535,0.261111111111111,1.59277812264107,2.41499928392927,0.348937125717932,0.10835645052497,0.697874251435864,1.39430048666932,0.201458943463502,0.0625596258790241,0.402917886927005,0.0602420467500286,0.438149068922846,0.414982150946695,0.438149068922846,6.78876321499154,50.4550184974879,47.7872340425532,50.4550184974879,3,3,3,3,124,124,124,124,3,3,3,3,"A05, A06, A10, A12",17.85,"Mixed (2025-05-30; 2025-06-07)",4,"R04","Mendieta","Paracas","C.Cham","I26","Carp","Yes",0.616,0.0276666666666667,2,0.588333333333333,84.8594119838791,0.778741117138508,1.55748223427702,0.0502692749102273,0.0335608899365516,1,0.0221434715736565,11.8061245984513,0.0286492015594585,0.057298403118917,0.029022979401387,0.0193763888391115,0.577350269189626,0.0127845392738434,6.81626921500213,0.0165406242324212,0.0330812484648424,0.081605965763356,1.21304421457416,0.5,0.0376376287370933,0.139125694162177,0.0367891214794594,0.0367891214794594,8.60389610389611,134.939759036145,50,4.3059490084986,15.9598776107213,4.20887517289026,4.20887517289026,3,3,3,3,3,3,3,123,123,123,123,123,123,123,NA,NA,NA,NA,NA,NA,NA,9.27333333333333,NA,3,"R04","Mendieta","Paracas","C.Cham","Carp","Yes",0.264732884243837,0.00305224345890461,0.00176221358263085,0.011529521417873,1.32842704355091,3,123,NA,NA,NA,3,"R04","Mendieta","Paracas","C.Cham","Carp","Yes","R04","Mendieta","Paracas","C.Cham","I26","Carp","Yes",0.44967901234568,2
"5","Lab_04",0.011359594820516,0.000192,0.0448782858889961,11.359594820516,0.00101184867265449,0.0127777777777778,0.00933333333333333,-0.00077777777777777,8007.22222222222,0.000288,0.00269258977240646,4.80000000000005e-05,0.00110463367028504,2.69258977240646,6.75028692483851e-07,0.00117062819476142,0.00202758751009941,0.00150308325094097,209.591224724418,7.20000000000008e-05,0.0015545674299161,2.77128129211024e-05,0.00063776054689499,1.5545674299161,3.89727997316273e-07,0.00067586250336646,0.00117062819476142,0.00086780551954518,121.007550014426,4.15692193816535e-05,0.23703220184786,0.250000000000003,0.0246139897815458,0.23703220184786,0.00066712415673084,0.091614380459589,0.217241518939222,-1.93253560835268,0.0261752726360891,0.250000000000003,25.7235831619506,25.0000000000004,2.80416023619796,25.7235831619506,0.0769548277204345,9.56521739130435,25,-14.2857142857145,2.98203011170471,25.0000000000004,3,3,3,3,3,3,3,3,3,3,345,345,126,345,126,156,136,456,126,345,126,126,345,126,345,234,245,123,345,126,"A12, B01, B02, B03, A07, A08",22.5666666666667,"Mixed (2025-05-06; NA)",6,"R02","Mendieta","Paracas","C.Cham","I37","Carp","Yes",23.1554227248873,0.342151958834799,0.120055555555556,0.684303917669598,6.79932354458752,0.0476808367746618,0.0148064675558177,0.0953616735493236,3.92559127877497,0.0275285439470376,0.0085485180290988,0.0550570878940752,0.293638497788237,0.13935573228059,0.123330132348319,0.13935573228059,29.6950846655528,15.7386460636313,13.9287366959741,15.7386460636313,3,3,3,3,134,245,245,245,25,13,13,13,"A07, A08, B01, B02, B03",15.7,"Mixed (2025-05-30; 2025-06-07)",5,"R02","Mendieta","Paracas","C.Cham","I37","Carp","Yes",NA,NA,NA,NA,NA,NA,NA,NA,NA,NA,NA,NA,NA,NA,NA,NA,NA,NA,NA,NA,NA,NA,NA,NA,NA,NA,NA,NA,NA,NA,NA,NA,NA,NA,NA,NA,NA,NA,NA,NA,NA,NA,NA,NA,NA,NA,NA,NA,NA,NA,NA,NA,NA,NA,NA,NA,NA,NA,NA,NA,NA,NA,NA,NA,NA,NA,NA,NA,NA,NA,NA,NA,NA,NA,NA,NA,NA,NA,NA,NA,NA,NA,"R02","Mendieta","Paracas","C.Cham","I37","Carp","Yes",0.44393398105887,2
"6","Lab_05",0.0162621629135391,0.00012,0.029366270201924,16.2621629135391,0.00107846971552712,0.0161111111111111,0.00644444444444444,-0.00077777777777777,5064,0.00018,0.00160576091307225,4.45690675457469e-19,0.00549227021286944,1.60576091307225,2.24355269696698e-05,0.00192450089729875,0.00189541356769245,0.00615840287135601,1042.09356585673,6.71089616339568e-19,0.00092708649541644,2.57319631450676e-19,0.00317096368586234,0.927086495416441,1.29531575353499e-05,0.00111111111111111,0.0010943175335329,0.00355555555555555,601.653000768162,3.87453770644012e-19,0.0987421489754829,3.71408896214558e-15,0.187026482256831,0.0987421489754829,0.0208031126388227,0.119451779832336,0.294115898435035,-7.91794654888634,0.205784669402988,3.72827564633094e-15,10.5564578169072,4.17869587312122e-13,19.8675361447127,10.5564578169072,2.37938686841302,13.7931034482759,32.7586206896552,-457.14285714286,21.8601895734597,4.21634178188808e-13,3,3,3,3,3,3,3,3,3,3,134,178,123,134,136,135,134,578,123,178,25678,23456,45678,25678,24578,24678,25678,12346,45678,23456,"B02, B03, B04, B05, B06, A09, A10",19.25,"Mixed (2025-05-06; NA)",8,"R05","Mendieta","Paracas","C.Cham","I47","Gam","Yes",28.8465029844078,0.251805469368357,0.092,0.503610938736713,2.2644287850211,0.0607883890556887,0.0188767935130237,0.121576778111377,1.30736856859267,0.0350961927849056,0.0108985218161812,0.0701923855698112,0.0784992477682676,0.241410121901537,0.20518253818504,0.241410121901537,8.78315825770543,26.4300317522479,22.463768115942,26.4300317522479,3,3,3,3,145,345,345,345,23,12,12,12,"A09, A10, D03, D04, D05",16.02,"Mixed (2025-05-30; 2025-06-07)",5,"R05","Mendieta","Paracas","C.Cham","I47","Gam","Yes",NA,NA,NA,NA,NA,NA,NA,NA,NA,NA,NA,NA,NA,NA,NA,NA,NA,NA,NA,NA,NA,NA,NA,NA,NA,NA,NA,NA,NA,NA,NA,NA,NA,NA,NA,NA,NA,NA,NA,NA,NA,NA,NA,NA,NA,NA,NA,NA,NA,NA,NA,NA,NA,NA,NA,NA,NA,NA,NA,NA,NA,NA,NA,NA,NA,NA,NA,NA,NA,NA,NA,NA,NA,NA,NA,NA,NA,NA,NA,NA,NA,NA,"R05","Mendieta","Paracas","C.Cham","I47","Gam","Yes",NA,NA
"7","Lab_06",0.07546065830721,0.001424,0.044104119829941,75.46065830721,0.00102309172209744,0.0498888888888889,0.0355555555555556,0.0212222222222222,7860.33333333333,0.002136,0.0234088026482666,0.00027712812921102,0.00645625380457904,23.4088026482666,8.53456472631516e-06,0.0233079226714707,0.0171992678569413,0.00983380413185578,1224.99809523661,0.00041569219381653,0.0135150785103836,0.00016,0.00372751987203025,13.5150785103836,4.92743324215434e-06,0.0134568354286246,0.00993000192706955,0.00567754946268499,707.252980041638,0.00024,0.310212012105254,0.194612450288638,0.146386637562962,0.310212012105254,0.00834193507969983,0.467196668247743,0.483729408476475,0.463372969563885,0.155845565739784,0.194612450288638,35.7181283610177,22.4719101123596,16.5825447550839,35.7181283610177,0.839222851505073,53.8975501113586,55,52.8795811518325,17.6540435096052,22.4719101123596,3,3,3,3,3,3,3,3,3,3,134,234,234,134,234,134,134,134,234,234,25,15,15,25,15,25,25,25,15,15,"B06, B07, B08, B09",19.32,"2025-05-06",5,"R04","Concession","Paracas","C.Cham","I63","Gam","Yes",47.3358519454682,1.17280295010746,0.378,2.34560590021491,5.30885466486255,0.111576694546261,0.0346482322781408,0.223153389092523,3.75392713385815,0.0788966373360416,0.0245,0.157793274672083,0.112152933699777,0.0951367785492342,0.0916619901538117,0.0951367785492342,7.93040999490775,6.72718612524064,6.48148148148149,6.72718612524064,2,2,2,2,NA,NA,NA,NA,NA,NA,NA,NA,"A11, A12",24.8,"2025-05-30",2,"R04","Concession","Paracas","C.Cham","I63","Gam","Yes",NA,NA,NA,NA,NA,NA,NA,NA,NA,NA,NA,NA,NA,NA,NA,NA,NA,NA,NA,NA,NA,NA,NA,NA,NA,NA,NA,NA,NA,NA,NA,NA,NA,NA,NA,NA,NA,NA,NA,NA,NA,NA,NA,NA,NA,NA,NA,NA,NA,NA,NA,NA,NA,NA,NA,NA,NA,NA,NA,NA,NA,NA,NA,NA,NA,NA,NA,NA,NA,NA,NA,NA,NA,NA,NA,NA,NA,NA,NA,NA,NA,NA,"R04","Concession","Paracas","C.Cham","I63","Gam","Yes",0.0685263286063354,2
"8","Lab_07",0.0843081192924312,0.000728,0.165764725931956,84.3081192924312,0.00113879307525829,0.0144444444444444,0.0162222222222222,0.00455555555555556,30944,0.001092,0.0212570039497656,0.00012315843454672,0.053749532284276,21.2570039497657,0.00013766046258869,0.0007698003589195,0.00183585684909537,0.00038490017945974,10198.3405022582,0.00018473765182008,0.0122727369525621,7.11055553385245e-05,0.0310323069331432,12.2727369525621,7.9478305132353e-05,0.00044444444444444,0.00105993244601883,0.00022222222222222,5888.01463426623,0.00010665833300778,0.252134718793021,0.169173673827919,0.324251929848689,0.252134718793021,0.120882771049055,0.0532938710021195,0.113169257820947,0.0844902832960423,0.329574085517651,0.169173673827919,29.1137717797869,18.6813186813186,34.8881901466403,29.1137717797869,13.816428067718,6.15384615384618,13.013698630137,9.75609756097555,35.4608324715615,18.6813186813186,3,3,3,3,3,3,3,3,3,3,136,135,123,136,456,134,156,346,123,135,245,246,456,245,123,256,234,125,456,246,"B08, B09, B10, B11, B12",18.1833333333333,"2025-05-06",6,"R01","Concession","Paracas","C.Cham","I49","Gam","Yes",27.8095053338975,0.46559567711568,0.158388888888889,0.931191354231361,11.4798289021247,0.345975750727771,0.107436846221052,0.691951501455543,6.62788230689256,0.199749192815762,0.0620286920866087,0.399498385631523,0.412802340936707,0.743081965174284,0.678310498764971,0.743081965174284,47.6112311542622,77.5411301546501,70.7821816906349,77.5411301546501,3,3,3,3,123,235,235,235,45,14,14,14,"B01, B02, B09, B10, B11",16.24,"Mixed (2025-05-30; 2025-06-07)",5,"R01","Concession","Paracas","C.Cham","I49","Gam","Yes",NA,NA,NA,NA,NA,NA,NA,NA,NA,NA,NA,NA,NA,NA,NA,NA,NA,NA,NA,NA,NA,NA,NA,NA,NA,NA,NA,NA,NA,NA,NA,NA,NA,NA,NA,NA,NA,NA,NA,NA,NA,NA,NA,NA,NA,NA,NA,NA,NA,NA,NA,NA,NA,NA,NA,NA,NA,NA,NA,NA,NA,NA,NA,NA,NA,NA,NA,NA,NA,NA,NA,NA,NA,NA,NA,NA,NA,NA,NA,NA,NA,NA,"R01","Concession","Paracas","C.Cham","I49","Gam","Yes",0.278283867176023,1
"9","Lab_08",0.0441027387699265,0.00074399999999999,0.0447506246175331,44.1027387699265,0.00101256916991293,0.0132222222222222,0.0118888888888889,0.00422222222222222,7983,0.001116,0.00384541110643767,8.31384387633056e-05,0.00198228736738919,3.84541110643767,1.28744666346884e-06,0.00083887049280786,0.00050917507721731,0.00019245008972987,376.115673696271,0.00012470765814495,0.00222014913744657,4.79999999999997e-05,0.00114447414517334,2.22014913744656,7.43307677721019e-07,0.00048432210483785,0.00029397236789606,0.00011111111111111,217.15048545498,7.19999999999995e-05,0.0871921158116339,0.11174521339154,0.0442963061260275,0.0871921158116338,0.0012714653988325,0.0634439868510146,0.0428278102332319,0.045580284409708,0.0471145776896244,0.11174521339154,10.0430710330211,12.9032258064515,4.8169194938086,10.043071033021,0.138145288258155,6.72268907563025,4.67289719626165,5.26315789473691,5.12338719779532,12.9032258064515,3,3,3,3,3,3,3,3,3,3,456,456,134,456,134,346,256,356,134,456,123,123,256,123,256,125,134,124,256,123,"B11, B12, C01, C02, C03",17.6833333333333,"2025-05-06",6,"R03","Concession","Paracas","C.Cham","I65","Gam","Yes",24.7459198284323,0.209941947516579,0.079,0.419883895033159,7.40109908992357,0.0162083414799106,0.00503322295684716,0.0324166829598212,4.27302655186647,0.00935789031654375,0.00290593262902711,0.0187157806330875,0.299083612217152,0.0772039207582877,0.0637116829980653,0.0772039207582877,33.9991641153188,8.18072729093101,6.75105485232065,8.18072729093101,3,3,3,3,234,345,345,345,15,12,12,12,"B03, B04, B12, D06, D07",16.6,"Mixed (2025-05-30; 2025-06-07)",5,"R03","Concession","Paracas","C.Cham","I65","Gam","Yes",0.57,0.036,2,0.534,66.1842977887198,0.708444704361219,1.41688940872244,0.0756240702422185,0.0327414110874898,1,0.0527162214123889,15.2498361296694,0.068204194977869,0.136408389955738,0.04366157731156,0.0189032625050104,0.577350269189626,0.0304357246231026,8.80449699456233,0.0393777103303344,0.0787554206606687,0.132673807442489,0.909483641319161,0.5,0.0987195157535372,0.230414715259978,0.0962731382675327,0.0962731382675327,14.5614035087719,100,50,10.6741573033708,25.7750761242869,10.4096400201395,10.4096400201395,3,3,3,3,3,3,3,123,123,123,123,123,123,123,NA,NA,NA,NA,NA,NA,NA,10.9633333333333,NA,3,"R03","Concession","Paracas","C.Cham","Gam","Yes",NA,NA,NA,NA,NA,NA,NA,NA,NA,NA,NA,"R03","Concession","Paracas","C.Cham","Gam","Yes","R03","Concession","Paracas","C.Cham","I65","Gam","Yes",0.220359305369597,1
"10","Lab_09",0.112017687205614,0.00076,0.027133369155648,112.017687205614,0.00113741460870835,0.0221111111111111,0.0167777777777778,0.0184444444444444,4640.33333333333,0.00114,0.0184086754373904,0.00013218169313486,0.00571247423776854,18.4086754373904,7.00405717631931e-05,0.00101835015443463,0.00384900179459751,0.00618540695987413,1083.87468525348,0.0001982725397023,0.0106282537192018,7.63151361133556e-05,0.00329809853891447,10.6282537192018,4.04379429616748e-05,0.00058794473579213,0.00222222222222223,0.00357114637333071,625.775341298918,0.00011447270417003,0.164337221171157,0.173923280440614,0.210533170613627,0.164337221171157,0.0615787516943634,0.0460560371352346,0.229410702989256,0.335353389390766,0.233576902216827,0.173923280440614,17.2690763052208,17.8947368421052,23.457867947,17.2690763052208,6.74142904871272,5.02512562814072,26.4900662251656,34.9397590361446,26.0254292076719,17.8947368421052,3,3,3,3,3,3,3,3,3,3,123,123,456,123,456,135,135,236,456,123,456,456,123,456,123,246,246,145,123,456,"C02, C03, C04, C05, C06",17.5166666666667,"2025-05-06",6,"R02","Concession","Paracas","C.Cham","many","Gam/Tetra","No",31.5955811100831,0.344119902169711,0.120666666666667,0.688239804339423,3.04733900966733,0.0214416203603281,0.0066583281184794,0.0428832407206561,1.75938199754348,0.0123793252868972,0.00384418753155694,0.0247586505737943,0.0964482659473807,0.0623085739160578,0.0551795147940282,0.0623085739160578,11.0417881346202,6.86252665714893,6.07734806629835,6.86252665714893,3,3,3,3,134,345,345,345,25,12,12,12,"B05, B06, D08, D09, D10",16.34,"Mixed (2025-05-30; 2025-06-07)",5,"R02","Concession","Paracas","C.Cham","many","Gam/Tetra","No",0.702666666666667,0.0633333333333333,2,0.639333333333333,82.9038644720791,0.844724866555226,1.68944973311045,0.0357957166897568,0.00763762615825974,1,0.0328075194632776,9.72796113711633,0.0424463361421377,0.0848926722842754,0.0206666666666667,0.00440958551844099,0.577350269189626,0.0189414301935672,5.61644098118033,0.0245064035977765,0.0490128071955531,0.0509426708108493,0.12059409723568,0.5,0.0513152024973059,0.117340261507262,0.0502487115304574,0.0502487115304574,5.5977229601518,13.1578947368421,50,5.89155370177269,13.0672447524522,5.76910872449771,5.76910872449771,3,3,3,3,3,3,3,123,123,123,123,123,123,123,NA,NA,NA,NA,NA,NA,NA,10.2833333333333,NA,3,"R02","Concession","Paracas","C.Cham","Gam/Tetra","No",0.275950352899654,0.00996134917908285,0.00575118763003534,0.036098338249653,4.15920927515257,3,123,NA,NA,NA,3,"R02","Concession","Paracas","C.Cham","Gam/Tetra","No","R02","Concession","Paracas","C.Cham","many","Gam/Tetra","No",NA,NA
"11","Lab_10",0.0447800453514739,0.00072799999999999,0.0570394860012474,44.7800453514739,0.00108559597480512,0.0157777777777778,0.025,0.0123333333333333,10314.6666666667,0.001092,0.00447239119480485,9.99199679743745e-05,0.00639901274962492,4.47239119480485,6.45335250650551e-05,0.00367171369819074,0.00288675134594813,0,1214.13727944303,0.00014987995196156,0.00258213626024189,5.76888204074239e-05,0.00369447173354379,2.58213626024189,3.7258448068065e-05,0.00211986489203766,0.00166666666666667,0,700.982485119596,8.65332306111359e-05,0.0998746463899603,0.137252703261504,0.112185666425623,0.0998746463899603,0.0594452508693574,0.232714248476878,0.115470053837925,0,0.11770979312077,0.137252703261504,11.4036864492608,15.3846153846154,11.4883366939509,11.4036864492608,6.44008727898683,23.943661971831,13.3333333333333,0,12.0540330920372,15.3846153846154,3,3,3,3,3,3,3,3,3,3,256,156,356,256,356,234,456,456,356,156,134,234,124,134,124,156,123,123,124,234,"C05, C06, C07, C08, C09",17.95,"2025-05-06",6,"R01","Mendieta","Paracas","F. Glom","many","Gam/Tetra","No",30.032073450312,0.464522253478455,0.158055555555556,0.929044506956911,5.57328804948099,0.244579483482713,0.075949971350542,0.489158966965426,3.21773935563917,0.141208030627004,0.0438497364041798,0.282416061254008,0.185577864235781,0.526518335023225,0.480527059511338,0.526518335023225,19.4392188047966,58.5405728273956,53.427065026362,58.5405728273956,3,3,3,3,245,245,245,245,13,13,13,13,"B07, B08, D11, D12, E01",16.4,"Mixed (2025-05-30; 2025-06-07)",5,"R01","Mendieta","Paracas","F. Glom","many","Gam/Tetra","No",0.643333333333333,0.065,2,0.578333333333333,72.3218677933947,0.765803127056798,1.5316062541136,0.0572392639132731,0.0153948043183407,1,0.0486757982300582,13.954875404432,0.0629766994719787,0.125953398943957,0.0330471044285443,0.00888819441731559,0.577350269189626,0.028102985211144,8.05685107125648,0.0363596143928211,0.0727192287856421,0.0889729490879893,0.236843143359087,0.5,0.0841656453545675,0.192955130034771,0.0822361482304418,0.0822361482304418,10.2072538860104,26.1538461538462,50,9.10662824207494,21.3789110728062,8.89785882161196,8.89785882161196,3,3,3,3,3,3,3,123,123,123,123,123,123,123,NA,NA,NA,NA,NA,NA,NA,10.7333333333333,NA,3,"R01","Mendieta","Paracas","F. Glom","Gam/Tetra","No",0.229698578414017,0.00861999850504197,0.00497675845730015,0.0375274351480964,4.15022518197733,3,123,NA,NA,NA,3,"R01","Mendieta","Paracas","F. Glom","Gam/Tetra","No","R01","Mendieta","Paracas","F. Glom","many","Gam/Tetra","No",0.150753108196643,2
"12","Lab_11",0.0356129032258065,0.000544,0.0442464211554708,35.6129032258065,0.00101962557227949,0.0248888888888889,0.0205555555555556,0.0135555555555556,7887.33333333333,0.000816,0.00067047128034927,3.66606055596472e-05,0.00541486377192812,0.670471280349273,7.81915983774417e-06,0.00189541356769244,0.00333888426695927,0.00241139271269008,1027.40660565004,5.49909083394708e-05,0.00038709677419356,2.1166010488517e-05,0.00312627305634785,0.387096774193566,4.51439403715831e-06,0.0010943175335329,0.00192770573032194,0.00139221823179352,593.173480339249,3.17490157327755e-05,0.018826639212706,0.0673908190434692,0.122379700561581,0.018826639212706,0.00766865803518792,0.0761550094162142,0.162432207581802,0.17788962634599,0.130260325287385,0.0673908190434692,2.17391304347836,7.35294117647073,13.8094173625277,2.17391304347836,0.828944470343186,8.48214285714285,18.3783783783784,20.4918032786886,14.6986729777703,7.35294117647073,3,3,3,3,3,3,3,3,3,3,256,156,456,256,456,345,345,345,456,156,134,234,123,134,123,126,126,126,123,234,"C08, C09, C10, C11, C12",17.7333333333333,"2025-05-06",6,"R02","Mendieta","Paracas","F. Glom","many","Gam/Tetra","No",34.0868831449488,0.438760086185054,0.150055555555556,0.877520172370108,2.18302223016733,0.140764207208335,0.0437119146398494,0.28152841441667,1.26036847223404,0.0812702529239965,0.025237085684111,0.162540505847993,0.0640428818582324,0.320822726680215,0.291304873571747,0.320822726680215,7.38100820919189,37.0235995057091,33.6171788226583,37.0235995057091,3,3,3,3,345,145,145,145,12,23,23,23,"B09, B10, E02, E03, E04",16.28,"Mixed (2025-05-30; 2025-06-07)",5,"R02","Mendieta","Paracas","F. Glom","many","Gam/Tetra","No",0.7,0.0633,2,0.6367,81.9069576828736,0.841317862500376,1.68263572500075,0.145006896387724,0.0610603799529613,1,0.205463062373751,12.7403641083355,0.265827906314926,0.531655812629852,0.0837197706638043,0.035253226802663,0.577350269189626,0.11862415437001,7.35565264752136,0.153475813269037,0.306951626538074,0.207152709125319,0.964618956602864,0.5,0.322699956610258,0.155546787095469,0.315966079128395,0.315966079128395,22.5714285714286,97.4723538704582,50,34.5060468038323,16.0683475806655,33.7859987009406,33.7859987009406,3,3,3,3,3,3,3,123,123,123,123,123,123,123,NA,NA,NA,NA,NA,NA,NA,10.1,NA,3,"R02","Mendieta","Paracas","F. Glom","Gam/Tetra","No",0.248500618720985,0.00547563507891017,0.00316135938679295,0.0220346939460065,2.50126332317068,3,123,NA,NA,NA,3,"R02","Mendieta","Paracas","F. Glom","Gam/Tetra","No","R02","Mendieta","Paracas","F. Glom","many","Gam/Tetra","No",0.339376028878002,1
"13","Lab_12",0.010324751513746,0.00015999999999999,0.0136124008216675,10.324751513746,0.00133456815953809,0.013,0.0115555555555556,-0.00044444444444444,2074.88888888889,0.00023999999999999,0.00186255555775307,1.38564064605515e-05,0.00100796048218847,1.86255555775307,1.44996425244648e-05,0.00066666666666666,0.00038490017945974,0.00245703826527733,191.248626235686,2.07846096908272e-05,0.00107534695264937,8.00000000000025e-06,0.00058194625572402,1.07534695264937,8.3713725146531e-06,0.00038490017945975,0.00022222222222222,0.00141857170386708,110.417445839319,1.20000000000004e-05,0.180397131618454,0.086602540378447,0.0740472232189971,0.180397131618455,0.0108646699090164,0.0512820512820512,0.0333086693763244,-5.52833609687404,0.0921729482768112,0.0866025403784469,18.418492474728,10.0000000000004,8.47489194287842,18.418492474728,1.23478241439509,5.12820512820514,3.84615384615382,-200.000000000002,10.5494270108172,10.0000000000004,3,3,3,3,3,3,3,3,3,3,468,346,467,468,367,168,356,478,467,346,12357,12578,12358,12357,12458,23457,12478,12356,12358,12578,"C11, C12, D01, D02, D03, A11, A12",19.6875,"Mixed (2025-05-06; NA)",8,"R03","Mendieta","Paracas","F. Glom","many","Gam/Tetra","No",41.6354037477699,0.732878162784719,0.241388888888889,1.46575632556944,0.520979945829984,0.241205440966563,0.0749022202113702,0.482410881933127,0.300787911967338,0.139260026272048,0.0432448170019352,0.278520052544096,0.0125129072600356,0.329120791442406,0.310296884650095,0.329120791442406,1.3719233315054,37.8372723277056,35.6731875719218,37.8372723277056,3,3,3,3,123,245,245,245,45,13,13,13,"B11, B12, E05, E06, E07",16.22,"Mixed (2025-05-30; 2025-06-07)",5,"R03","Mendieta","Paracas","F. Glom","many","Gam/Tetra","No",0.755,0.100333333333333,2,0.654666666666667,71.1091133097854,0.864563118013847,1.72912623602769,0.0759012516365837,0.074473709007497,1,0.00378593889720021,2.17114024453791,0.00489824399019343,0.00979648798038687,0.0438216080642111,0.0429974159430282,0.577350269189626,0.00218581284143402,1.25350840463239,0.00282800248629465,0.00565600497258929,0.100531459121303,0.742262880473392,0.5,0.00578300238879869,0.0305325174718377,0.00566557130200757,0.00566557130200757,11.2582781456954,82.0598006644518,50,0.661914460285144,3.50206492586617,0.648473460401656,0.648473460401656,3,3,3,3,3,3,3,123,123,123,123,123,123,123,NA,NA,NA,NA,NA,NA,NA,12.1666666666667,NA,3,"R03","Mendieta","Paracas","F. Glom","Gam/Tetra","No",0.218116516883632,0.0195887248056318,0.011309555539613,0.0898085348395813,10.3498996086611,3,123,NA,NA,NA,3,"R03","Mendieta","Paracas","F. Glom","Gam/Tetra","No","R03","Mendieta","Paracas","F. Glom","many","Gam/Tetra","No",0.121213929160949,1
"14","Lab_13",0.0381745048047147,0.000752,0.0726832621749212,38.1745048047147,0.00107490485981292,0.0166666666666667,0.00788888888888889,0.00666666666666667,13282.8888888889,0.001128,0.00506598476491668,3.66606055596466e-05,0.00269878433731821,5.06598476491668,3.19557290062261e-05,0.00088191710368819,0.00050917507721731,0.00033333333333333,512.062532350335,5.49909083394698e-05,0.00292484766773519,2.11660104885166e-05,0.00155814386363542,2.92484766773519,1.84496487438954e-05,0.00050917507721731,0.00029397236789606,0.00019245008972987,295.639440894387,3.17490157327749e-05,0.132705971978739,0.0487508052654875,0.0371307541318558,0.132705971978738,0.0297288906218062,0.052915026221292,0.0645433196472655,0.0499999999999997,0.0385505394672596,0.0487508052654874,15.3190571099368,5.3191489361702,4.26532568356012,15.3190571099367,3.37860993168949,6.00000000000003,7.04225352112678,4.99999999999997,4.42842085891624,5.31914893617019,3,3,3,3,3,3,3,3,3,3,478,128,368,478,457,267,345,268,368,128,12356,34567,12457,12356,12368,13458,12678,13457,12457,34567,"D02, D03, D04, D05, D06, B01, B02",19.875,"Mixed (2025-05-06; NA)",8,"R01","Caro Caido","Marcona","C.Cham","many","Tetra","Yes",40.2608473036679,0.389203694933164,0.134666666666667,0.778407389866328,1.17959965642658,0.0243834978080666,0.00757187779440036,0.0487669956161333,0.681042179173876,0.0140778190232719,0.004371625682868,0.0281556380465438,0.0292989277530459,0.0626497079177367,0.0562268153049531,0.0626497079177367,3.30978781730241,7.17079897523689,6.43564356435643,7.17079897523689,3,3,3,3,134,345,345,345,25,12,12,12,"C01, C02, E08, E09, E10",16.26,"Mixed (2025-05-30; 2025-06-07)",5,"R01","Caro Caido","Marcona","C.Cham","many","Tetra","Yes",0.712333333333333,0.068,2,0.644333333333333,76.0931978931817,0.851193861596081,1.70238772319216,0.00351188458428425,0.0062449979983984,1,0.00808290376865477,7.25395734782288,0.0104576528790268,0.0209153057580536,0.00202758751009941,0.00360555127546399,0.577350269189626,0.00466666666666667,4.18807422745561,0.00603772870479779,0.0120754574095956,0.00493011406310377,0.0918382058587999,0.5,0.0125445997444202,0.0953299052828067,0.0122858650077875,0.0122858650077875,0.514740290126351,10.2941176470588,50,1.34505949301604,10.7593739675361,1.31731738718794,1.31731738718794,3,3,3,3,3,3,3,123,123,123,123,123,123,123,NA,NA,NA,NA,NA,NA,NA,11.2666666666667,NA,3,"R01","7H","Marcona","C.Cham","Tetra","Yes",0.353280771024345,0.0196852817921949,0.0113653027417974,0.0557213508539315,5.88789968635272,3,123,NA,NA,NA,3,"R01","7H","Marcona","C.Cham","Tetra","Yes","R01","Caro Caido","Marcona","C.Cham","many","Tetra","Yes",0.283916527092481,1
"15","Lab_14",0.0182502201165569,0.00031199999999999,0.0225931955884363,18.2502201165569,0.00119583359495206,0.00955555555555555,0.006,0.00222222222222223,3778.88888888889,0.00046799999999999,0.00098549160380984,4.51931569438751e-19,0.00034169923827108,0.985491603809846,5.33463970507039e-06,0.00069388866648871,0.00033333333333333,0.00019245008972987,64.8334047414632,6.77084039703117e-19,0.00056897384274373,2.60922813270753e-19,0.0001972801471977,0.568973842743731,3.07995566975205e-06,0.00040061680838488,0.00019245008972987,0.00011111111111111,37.4315836799637,3.90914652586594e-19,0.0539988886444056,1.448498619996e-15,0.0151239888546788,0.0539988886444056,0.00446102177392351,0.0726162557953305,0.0555555555555552,0.0866025403784449,0.0171567375087671,1.44676076859641e-15,5.65926769985726,1.56375313339256e-13,1.70808871941824,5.65926769985726,0.504025893229006,8.13953488372096,5.55555555555552,10.0000000000001,1.93766539253161,1.6216699161108e-13,3,3,3,3,3,3,3,3,3,3,456,356,568,456,568,356,357,345,568,356,12378,12478,12347,12378,12347,12478,12468,12678,12347,12478,"D05, D06, D07, D08, D09, B03, B04",19.3625,"Mixed (2025-05-06; NA)",8,"R02","Caro Caido","Marcona","C.Cham","CC10","Carp","Yes",36.9828613915649,0.513899740790808,0.173388888888889,1.02779948158162,1.88926308994673,0.155303973993898,0.0482269902916675,0.310607947987796,1.09076655355077,0.0896647911915955,0.0278438658270997,0.179329582383191,0.0510848273729743,0.302206756817799,0.278143487744318,0.302206756817799,5.58432635054934,33.2812322369862,30.6312079461711,33.2812322369862,3,3,3,3,145,234,234,234,23,15,15,15,"C03, C04, E11, E12, F01",16.28,"Mixed (2025-05-30; 2025-06-07)",5,"R02","Caro Caido","Marcona","C.Cham","CC10","Carp","Yes",NA,NA,NA,NA,NA,NA,NA,NA,NA,NA,NA,NA,NA,NA,NA,NA,NA,NA,NA,NA,NA,NA,NA,NA,NA,NA,NA,NA,NA,NA,NA,NA,NA,NA,NA,NA,NA,NA,NA,NA,NA,NA,NA,NA,NA,NA,NA,NA,NA,NA,NA,NA,NA,NA,NA,NA,NA,NA,NA,NA,NA,NA,NA,NA,NA,NA,NA,NA,NA,NA,NA,NA,NA,NA,NA,NA,NA,NA,NA,NA,NA,NA,"R02","Caro Caido","Marcona","C.Cham","CC10","Carp","Yes",0.629862306368331,1
"16","Lab_15",0.0366093344119548,0.00024,0.0354606319088725,36.6093344119548,0.00106079581433299,0.0172222222222222,0.00955555555555555,0.00655555555555556,6220.33333333333,0.00036,0.00579419883355832,2.39999999999997e-05,0.00784807106032551,5.79419883355832,4.77652148635129e-05,0.00365655170486763,0.00107151675122144,0.00107151675122144,1489.07902185657,3.59999999999995e-05,0.00334528225629311,1.38564064605508e-05,0.00453108593929824,3.34528225629311,2.75772596593495e-05,0.00211111111111111,0.00061864048475889,0.00061864048475889,859.720174113518,2.07846096908263e-05,0.158271078309094,0.0999999999999987,0.221317856954542,0.158271078309094,0.0450277180755533,0.212315905443927,0.112135473965035,0.16345170781344,0.239388943013221,0.0999999999999987,17.2878329580128,9.99999999999994,24.6820472512109,17.2878329580128,4.65155584187061,24.5161290322581,12.7906976744186,18.6440677966102,26.6973902791919,9.99999999999995,3,3,3,3,3,3,3,3,3,3,124,123,345,124,345,134,135,134,345,123,35,45,12,35,12,25,24,25,12,45,"D08, D09, D10, D11, D12",18.98,"2025-05-06",5,"R03","Caro Caido","Marcona","C.Cham","CC11","Gam","No",26.3189537704639,0.403337106156627,0.139055555555556,0.806674212313254,2.38027531870879,0.235639308725038,0.0731737531369558,0.471278617450077,1.37425259600194,0.136046418324058,0.0422468860712367,0.272092836648117,0.0904395873585228,0.584224226157692,0.526219559115144,0.584224226157692,10.4276929814222,67.4210192779572,60.7271274470635,67.4210192779572,3,3,3,3,135,135,135,135,24,24,24,24,"C05, C06, F02, F03, F04",16.44,"Mixed (2025-05-30; 2025-06-07)",5,"R03","Caro Caido","Marcona","C.Cham","CC11","Gam","No",NA,NA,NA,NA,NA,NA,NA,NA,NA,NA,NA,NA,NA,NA,NA,NA,NA,NA,NA,NA,NA,NA,NA,NA,NA,NA,NA,NA,NA,NA,NA,NA,NA,NA,NA,NA,NA,NA,NA,NA,NA,NA,NA,NA,NA,NA,NA,NA,NA,NA,NA,NA,NA,NA,NA,NA,NA,NA,NA,NA,NA,NA,NA,NA,NA,NA,NA,NA,NA,NA,NA,NA,NA,NA,NA,NA,NA,NA,NA,NA,NA,NA,"R03","Caro Caido","Marcona","C.Cham","CC11","Gam","No",0.521604301166296,2
"17","Lab_16",0.00474802678696681,7.99999999999998e-05,0.0158886364279814,4.74802678696681,0.00131071185650352,0.00477777777777778,0.00822222222222222,-0.00022222222222221,2506.77777777778,0.00012,0.00091677091798855,1.38564064605508e-05,0.00013954544435434,0.916770917988551,2.59231766178224e-06,0.00019245008972987,0.00183585684909537,0.00359526437496965,26.4771040153003,2.07846096908263e-05,0.00052929793628591,7.99999999999989e-06,8.05665998621651e-05,0.52929793628591,1.496675299855e-06,0.00011111111111111,0.00105993244601883,0.0020757268546966,15.2865631305954,1.19999999999998e-05,0.193084613697854,0.173205080756886,0.00878271996384714,0.193084613697854,0.00197779370722834,0.0402802513388109,0.22327988705214,-16.1786896873639,0.010562206291286,0.173205080756886,22.2918882606503,19.9999999999998,0.987758643153587,22.2918882606503,0.222462307664466,4.65116279069765,22.972972972973,-700.000000000019,1.18789060768583,19.9999999999998,3,3,3,3,3,3,3,3,3,3,467,467,578,467,578,378,156,458,578,467,12358,12358,12346,12358,12346,12456,23478,12367,12346,12358,"D11, D12, E01, E02, E03, B05, B06",19.45,"Mixed (2025-05-06; 2025-05-12; NA)",8,"R01","7H","Marcona","F. Glom","many","Carp",NA,28.2331815970663,0.379721786137676,0.131722222222222,0.759443572275352,6.19266763017735,0.133487397483102,0.0414522259599776,0.266974794966204,3.57533832328477,0.0770689848702916,0.0239324538165022,0.154137969740583,0.219340055915654,0.351540002065363,0.314694250223364,0.351540002065363,25.0039295826835,40.5184515661353,36.2716153521721,40.5184515661353,3,3,3,3,245,245,245,245,13,13,13,13,"C07, C08, F05, F06, F07",16.28,"Mixed (2025-05-30; 2025-06-07)",5,"R01","7H","Marcona","F. Glom","many","Carp",NA,0.914333333333333,0.146666666666667,2,0.767666666666667,96.9043728971862,1.01076240593716,2.02152481187433,0.0648408307575816,0.0670994287109312,1,0.126179765942616,6.9184443411052,0.163251256027799,0.326502512055599,0.0374358710923687,0.0387398732287262,0.577350269189626,0.0728499218332533,3.99436570271053,0.0942531566131944,0.188506313226389,0.0709159651012558,0.457496104847258,0.5,0.164367910476703,0.0713945525290746,0.161512987690154,0.161512987690154,7.47356908494349,52.0454545454545,50,18.8449848024316,7.65373271747818,18.5176643639798,18.5176643639798,3,3,3,3,3,3,3,123,123,123,123,123,123,123,NA,NA,NA,NA,NA,NA,NA,10.4666666666667,NA,3,"R01","7H","Marcona","F. Glom","Carp","No",0.236040661046907,0.0486497082435073,0.0280879221503857,0.206107320779954,23.0601542327481,3,123,NA,NA,NA,3,"R01","7H","Marcona","F. Glom","Carp","No","R01","7H","Marcona","F. Glom","many","Carp",NA,0.4443025707415,2
"18","Lab_17",0.00343496624430477,0.000104,0.0122912823426749,3.43496624430477,0.0013799712891758,0.0204444444444444,0.00866666666666667,0.00411111111111111,1824.22222222222,0.000156,0.00072193739730898,2.77128129211021e-05,0.00093823554943955,0.721937397308985,1.87113997915698e-05,0.00083887049280786,0.00066666666666666,0.00019245008972987,178.019141709016,4.15692193816531e-05,0.0004168107506744,1.6e-05,0.0005416905470322,0.4168107506744,1.08030317065775e-05,0.00048432210483785,0.00038490017945975,0.00011111111111111,102.779399386607,2.4e-05,0.210173068951105,0.266469355010596,0.0763334144706796,0.210173068951105,0.0135592674560247,0.041031708887341,0.0769230769230768,0.0468121839883487,0.0975863244841726,0.266469355010596,22.3399105396668,30.7692307692307,8.81408441156322,22.3399105396668,1.56566530365776,4.34782608695651,7.6923076923077,5.40540540540548,11.2681203557071,30.7692307692307,3,3,3,3,3,3,3,3,3,3,357,167,457,357,457,456,246,134,457,167,1246,2345,1236,1246,1236,1237,1357,2567,1236,2345,"E02, E03, E04, E05, E06, B07, B08",18.8428571428571,"Mixed (2025-05-06; 2025-05-12; NA)",7,"R02","7H","Marcona","F. Glom","many","Gam/Tetra",NA,20.626955080917,0.320683486090298,0.113388888888889,0.641366972180595,4.33607959231544,0.221240094047806,0.0687023235361022,0.442480188095612,2.50343671985096,0.127733027854039,0.0396653049875214,0.255466055708078,0.210214235465464,0.689901736896766,0.605899962591788,0.689901736896766,24.2395375166642,78.4383823615134,68.8878000979912,78.4383823615134,3,3,3,3,135,135,135,135,24,24,24,24,"C09, C10, F08, F09, F10",16.32,"Mixed (2025-05-30; 2025-06-07)",5,"R02","7H","Marcona","F. Glom","many","Gam/Tetra",NA,1.0135,0.2325,1.5,0.781,87.1197507948682,1.02801305937944,2.05602611875889,0.11667261889578,0.0615182899632297,0.707106781186548,0.0551543289325508,6.04734034485326,0.0713586160692686,0.142717232138537,0.0825,0.0435,0.5,0.039,4.27611536598874,0.0504581613186671,0.100916322637334,0.115118518890755,0.264594795540773,0.471404520791032,0.070620139478298,0.0694141143618777,0.0694141143618778,0.0694141143618778,8.14010853478046,18.7096774193548,33.3333333333333,4.99359795134443,4.90831909753423,4.90831909753423,4.90831909753423,2,2,2,2,2,2,2,12,12,12,12,12,12,12,NA,NA,NA,NA,NA,NA,NA,11.8,NA,2,"R02","7H","Marcona","F. Glom","Gam/Tetra","No",0.264146916709317,0.0334909567744555,0.01933601290915,0.126789126262303,14.6386097879957,3,123,NA,NA,NA,3,"R02","7H","Marcona","F. Glom","Gam/Tetra","No","R02","7H","Marcona","F. Glom","many","Gam/Tetra",NA,0.509821073558648,1
"19","Lab_18",0.0185777626143131,0.00014399999999999,0.0178176099518297,18.5777626143131,0.00129798161887322,0.0128888888888889,0.00588888888888889,0.00288888888888889,2872.77777777778,0.00021599999999999,0.00306283645311827,9.38946624210725e-20,0.00195091943285008,3.06283645311827,2.32991507829956e-05,0.00050917507721731,0.0007698003589195,0.00050917507721731,370.163977677961,1.40841993631609e-19,0.00176832945069163,5.42101086242752e-20,0.00112636385972327,1.76832945069163,1.34517709764522e-05,0.00029397236789606,0.00044444444444444,0.00029397236789606,213.714272156674,8.13151629364128e-20,0.164865733118935,6.52046266813006e-16,0.10949389048949,0.164865733118935,0.0179502933201949,0.0395049628875503,0.130720815665576,0.176252911344454,0.128852283856185,6.52046266813006e-16,18.5798056838434,7.52918175337159e-14,11.5887216701394,18.5798056838434,2.06622001872001,4.31034482758619,15.0943396226415,19.2307692307691,13.6375942757687,7.52918175337159e-14,3,3,3,3,3,3,3,3,3,3,125,126,578,125,357,345,145,145,578,126,34678,34578,12346,34678,12468,12678,23678,23678,12346,34578,"E05, E06, E07, E08, E09, B09, B10",20.0375,"Mixed (2025-05-06; 2025-05-12; NA)",8,"R04","7H","Marcona","F. Glom","many","Carp",NA,30.4376832738393,0.273273942112858,0.0986666666666667,0.546547884225715,4.11530334941107,0.0966260160879975,0.0300055550412475,0.193252032175995,2.37597149657945,0.0557870563991265,0.0173237152802484,0.111574112798253,0.135204224066163,0.3535866440134,0.304110355147779,0.3535866440134,15.4329176145744,35.7449196334787,30.7432432432432,35.7449196334787,3,3,3,3,123,345,345,345,45,12,12,12,"C11, C12, F11, F12, G01",16.62,"Mixed (2025-05-30; 2025-06-07)",5,"R04","7H","Marcona","F. Glom","many","Carp",NA,NA,NA,NA,NA,NA,NA,NA,NA,NA,NA,NA,NA,NA,NA,NA,NA,NA,NA,NA,NA,NA,NA,NA,NA,NA,NA,NA,NA,NA,NA,NA,NA,NA,NA,NA,NA,NA,NA,NA,NA,NA,NA,NA,NA,NA,NA,NA,NA,NA,NA,NA,NA,NA,NA,NA,NA,NA,NA,NA,NA,NA,NA,NA,NA,NA,NA,NA,NA,NA,NA,NA,NA,NA,NA,NA,NA,NA,NA,NA,NA,NA,NA,"R04","7H","Marcona","F. Glom","many","Carp",NA,0.339779833376621,1
"20","Lab_19",0.0118288084284969,0.00019999999999999,0.0154248395151436,11.8288084284969,0.00131942414944087,0.00944444444444444,0.0106666666666667,0.008,2418.77777777778,0.00029999999999999,0.00111617204951316,1.38564064605507e-05,0.00070827268255378,1.11617204951316,1.33244993194632e-05,0.00101835015443463,0.00088191710368819,0.002185812841434,134.386397018834,2.0784609690826e-05,0.00064442223324835,7.99999999999979e-06,0.00040892142393208,0.644422233248358,7.69290326890907e-06,0.00058794473579213,0.00050917507721731,0.00126197963240006,77.5880224942477,1.19999999999997e-05,0.0943604807077758,0.0692820323027535,0.045917669474514,0.0943604807077758,0.0100987232385505,0.107825310469549,0.0826797284707683,0.27322660517925,0.0555596294349536,0.0692820323027535,10.8937471274049,7.99999999999982,5.25433922567004,10.8937471274049,1.15584373847265,11.764705882353,9.37499999999999,29.1666666666667,6.35766456888236,7.99999999999981,3,3,3,3,3,3,3,3,3,3,234,234,256,234,256,245,136,136,256,234,156,156,134,156,134,136,245,245,134,156,"E10, E11, E12, B11, B12",22.95,"Mixed (2025-05-06; 2025-05-12; NA)",6,"R04","7H","Marcona","F. Glom","many","Gam/Tetra",NA,42.1257707711724,0.637343459071689,0.211722222222222,1.27468691814338,2.8689400217217,0.284612327940209,0.0883814858272763,0.569224655880418,1.65638329382992,0.164321004150966,0.0510270746337571,0.328642008301931,0.0681041549911529,0.446560365355841,0.417440762238513,0.446560365355841,7.67215646017347,51.4247086978971,48.071372343217,51.4247086978971,3,3,3,3,145,145,145,145,23,23,23,23,"D01, D02, G02, G03, G04",16.06,"Mixed (2025-05-30; 2025-06-07)",5,"R04","7H","Marcona","F. Glom","many","Gam/Tetra",NA,0.9815,0.094,2,0.8875,104.487137438556,1.16580265374965,2.3316053074993,0.0643467170879757,0.015556349186104,1.4142135623731,0.0799030662740798,1.98265364329072,0.103378507895222,0.206757015790445,0.0454999999999999,0.011,1,0.0564999999999999,1.40194783591508,0.0730996439616588,0.146199287923318,0.0655595691166334,0.165493076447915,0.707106781186548,0.0900316239707941,0.0189750977191487,0.0886758213859945,0.0886758213859945,4.63576158940397,11.7021276595745,50,6.36619718309859,1.34174202708874,6.27032746293239,6.27032746293239,2,2,2,2,2,2,2,12,12,12,12,12,12,12,NA,NA,NA,NA,NA,NA,NA,11.15,NA,2,"R04","7H","Marcona","F. Glom","Gam/Tetra","No",0.297002477920671,0.00492846366072668,0.00284544982121184,0.0165940152931756,1.78729546001042,3,123,NA,NA,NA,3,"R04","7H","Marcona","F. Glom","Gam/Tetra","No","R04","7H","Marcona","F. Glom","many","Gam/Tetra",NA,0.565391654817869,1
"21","Lab_20",0.0589118356505949,0.00081599999999999,0.034866831315921,58.9118356505949,0.00110691152975887,0.00955555555555555,0.0131111111111111,0.00522222222222222,6107.66666666667,0.001224,0.0193223291775584,6.34980314655504e-05,0.0158069627096,19.3223291775584,0.00016378882901529,0.00038490017945974,0.00019245008972987,0.00019245008972987,2999.1849448364,9.52470471983256e-05,0.0111557519520339,3.66606055596469e-05,0.00912615417545793,11.1557519520339,9.45635245222329e-05,0.00022222222222222,0.00011111111111111,0.00011111111111111,1731.58023525077,5.49909083394703e-05,0.327987219616765,0.0778162150313118,0.453352430175728,0.327987219616765,0.147969213990365,0.0402802513388109,0.0146783966743124,0.0368521448418915,0.491052493287628,0.0778162150313118,37.1818169271325,8.82352941176475,52.1446591455481,37.1818169271325,17.0859070517113,4.65116279069765,1.69491525423728,4.25531914893623,56.480925612618,8.82352941176475,3,3,3,3,3,3,3,3,3,3,245,345,145,245,145,345,234,345,145,345,13,12,23,13,23,12,15,12,23,12,"E11, E12, F01, F02, F03",16,"Mixed (2025-05-06; 2025-05-12)",5,"R01","Powder Ilo","Ilo","C.Cham","many","Unknown",NA,27.113006083778,0.265759976652282,0.0963333333333333,0.531519953304565,2.45721166421124,0.00455415079780661,0.0014142135623731,0.00910830159561321,1.73751103057445,0.00322027091167518,0.001,0.00644054182335035,0.0906285218473585,0.0171363305158821,0.0146804176024889,0.0171363305158821,6.40840423671804,1.21172155124343,1.03806228373703,1.21172155124343,2,2,2,2,23,23,23,23,1,1,1,1,"G05, G06, G07",10.0333333333333,"2025-06-07",3,"R01","Powder Ilo","Ilo","C.Cham","many","Unknown",NA,0.623333333333333,0.0853333333333333,2,0.538,79.513842455579,0.713619900393903,1.42723980078781,0.10947297992351,0.0503024187622557,1,0.128421182053429,17.738021033484,0.166151197968868,0.332302395937736,0.0632042544278293,0.0290421150132776,0.577350269189626,0.0741440040281973,10.2410512185732,0.0959274388735047,0.191854877747009,0.175625101481568,0.589481469870184,0.5,0.238701081883697,0.223080918814777,0.232828705978009,0.232828705978009,18.9839572192513,64.0625,50,26.3940520446096,24.0265210383042,25.7447219533628,25.7447219533628,3,3,3,3,3,3,3,123,123,123,123,123,123,123,NA,NA,NA,NA,NA,NA,NA,9,NA,3,"R01","Powder Ilo","Ilo","C.Cham","Unknown","No",0.385201224372483,0.00863365555244033,0.00498464335729193,0.0224133647718932,2.50805995471527,3,123,NA,NA,NA,3,"R01","Powder Ilo","Ilo","C.Cham","Unknown","No","R01","Powder Ilo","Ilo","C.Cham","many","Unknown",NA,NA,NA
"22","Lab_21",0.131901910248636,0.000848,0.207278063243918,131.901910248636,0.00486051514920451,0.0111111111111111,0.0167777777777778,0.00844444444444445,38820.6666666667,0.001272,0.00609802670425271,1.38564064605512e-05,0.0219574633728591,6.0980267042527,0.00062562292879382,0.00019245008972987,0.00069388866648871,0.00050917507721731,4166.16998373006,2.07846096908268e-05,0.00352069735922583,8.00000000000012e-06,0.0126771473890416,3.52069735922582,0.00036120356635031,0.00011111111111111,0.00040061680838488,0.00029397236789606,2405.33936159629,1.20000000000001e-05,0.0462315268426205,0.0163401019581972,0.105932403213457,0.0462315268426204,0.128715354152578,0.017320508075689,0.0413576026384,0.06029704861784,0.107318352348321,0.0163401019581972,5.19180483319445,1.88679245283022,12.1328250961326,5.19180483319446,14.7410248886187,2.00000000000004,4.63576158940397,6.57894736842103,12.2915629132249,1.88679245283022,3,3,3,3,3,3,3,3,3,3,123,234,123,123,123,136,126,125,123,234,456,156,456,456,456,245,345,346,456,156,"F02, F03, F04, F05, F06",16.85,"Mixed (2025-05-06; 2025-05-12)",6,"R02","Powder Ilo","Ilo","C.Cham","many","Unknown",NA,30.2180446581631,0.246438351182231,0.0903333333333333,0.492876702364463,1.34233149652621,0.0364332063824528,0.0113137084989848,0.0728664127649056,0.949171703793967,0.0257621672934014,0.00800000000000001,0.0515243345868028,0.0444215207076143,0.147839028331722,0.125244005523817,0.147839028331722,3.14107585229728,10.4537979457391,8.85608856088562,10.4537979457391,2,2,2,2,13,23,23,23,2,1,1,1,"G08, G09, G10",10.1333333333333,"2025-06-07",3,"R02","Powder Ilo","Ilo","C.Cham","many","Unknown",NA,0.685333333333333,0.082,2,0.603333333333333,70.9011499170894,0.798148102261072,1.59629620452214,0.045785732857882,0.0660530090154869,1,0.111697508178712,7.05552203575393,0.144514125296784,0.289028250593567,0.0264344051905424,0.0381357225358762,0.577350269189626,0.0644885864147895,4.07350754661587,0.0834352691418014,0.166870538283603,0.0668079759599445,0.805524500188865,0.5,0.185133991456428,0.0995120959815819,0.181061791523891,0.181061791523891,7.63618677042802,90.2439024390244,50,20.939226519337,11.3675841049905,20.4786481233946,20.4786481233946,3,3,3,3,3,3,3,123,123,123,123,123,123,123,NA,NA,NA,NA,NA,NA,NA,11.2,NA,3,"R02","Powder Ilo","Ilo","C.Cham","Unknown","No",0.369256636625801,0.00481545389621573,0.00278020360325039,0.0130409406861809,1.49305740180455,3,123,NA,NA,NA,3,"R02","Powder Ilo","Ilo","C.Cham","Unknown","No","R02","Powder Ilo","Ilo","C.Cham","many","Unknown",NA,NA,NA
"23","Lab_22",0.112733390607102,0.00076,0.198425515350775,112.733390607102,0.00105398409991791,0.0101111111111111,0.0107777777777778,0.00555555555555556,37141,0.00114,0.0235761217467851,1.38564064605517e-05,0.0119302076935164,23.5761217467851,5.64232511326888e-05,0.00019245008972987,0.00038490017945975,0.00069388866648871,2263.61635442051,2.07846096908275e-05,0.0136116802369538,8.00000000000038e-06,0.00688790862333982,13.6116802369538,3.25759792300117e-05,0.00011111111111111,0.00022222222222222,0.00040061680838488,1306.89951156672,1.20000000000006e-05,0.209131665603428,0.0182321137638838,0.0601243628997323,0.209131665603428,0.0535333039057075,0.0190335253579,0.0357123877849255,0.124899959967968,0.0609465645626265,0.0182321137638838,23.0779977899991,2.10526315789483,6.15688576950833,23.0779977899991,6.12466236685597,2.19780219780224,4.12371134020621,14,6.24108128483347,2.10526315789485,3,3,3,3,3,3,3,3,3,3,123,156,123,123,456,236,124,246,123,156,456,234,456,456,123,145,356,135,456,234,"F05, F06, F07, F08, F09",17.0333333333333,"Mixed (2025-05-06; 2025-05-12)",6,"R03","Powder Ilo","Ilo","C.Cham","many","Unknown",NA,27.6738163634424,0.301182956680709,0.107333333333333,0.602365913361418,8.69316263485481,0.100191317551745,0.0311126983722081,0.20038263510349,6.14699424906335,0.0708459600568537,0.022,0.141691920113707,0.314129519423228,0.33265931995601,0.289869860610634,0.33265931995601,22.2123113355036,23.52256609658,20.4968944099379,23.52256609658,2,2,2,2,NA,NA,NA,NA,NA,NA,NA,NA,"G11, H01",10.85,"2025-06-07",2,"R03","Powder Ilo","Ilo","C.Cham","many","Unknown",NA,0.503333333333333,0.0233333333333333,2,0.48,70.262396839775,0.638579557919988,1.27715911583998,0.0380175398116887,0.0221208800307161,1,0.0314324672910034,5.34716201037838,0.0406672950054661,0.0813345900109322,0.0219494368442058,0.0127714960404453,0.577350269189626,0.0181475434517549,3.0871854260925,0.0234792737186198,0.0469585474372396,0.0755315360497126,0.948037715602118,0.5,0.0654843068562571,0.0761027555403774,0.0636839912914369,0.0636839912914369,7.682119205298,100,50,7.49999999999999,8.54240802721325,7.29380759476021,7.29380759476021,3,3,3,3,3,3,3,123,123,123,123,123,123,123,NA,NA,NA,NA,NA,NA,NA,9.13333333333333,NA,3,"R03","Powder Ilo","Ilo","C.Cham","Unknown","No",NA,NA,NA,NA,NA,NA,NA,NA,NA,NA,NA,"R03","Powder Ilo","Ilo","C.Cham","Unknown","No","R03","Powder Ilo","Ilo","C.Cham","many","Unknown",NA,0.644241301706797,1
"24","Lab_23",0.0642339455195365,0.001072,0.0735932879357166,64.2339455195365,0.00109201468596352,0.00588888888888889,0.00977777777777778,-0.00111111111111111,13455.5555555556,0.001608,0.0100717473956931,0.00013218169313486,0.00724765195377491,10.0717473956931,9.26001145337118e-05,0.00107151675122144,0.00309719108105919,0.00397678448181628,1375.15657021031,0.0001982725397023,0.00581492607011332,7.63151361133556e-05,0.00418443380650466,5.81492607011333,5.34627010530287e-05,0.00061864048475889,0.00178816410438123,0.00229599759108576,793.947015988807,0.00011447270417003,0.156797894232261,0.123303818222823,0.0984825132436765,0.156797894232261,0.0847974992680689,0.181955674735716,0.31675817874469,-3.57910603363466,0.102199910255102,0.123303818222823,17.1435150538253,14.1791044776119,10.0731167002156,17.1435150538254,9.32698398711046,20.7547169811321,36.3636363636363,-110,10.4533443435177,14.1791044776119,3,3,3,3,3,3,3,3,3,3,235,235,235,235,134,145,135,345,235,235,14,14,14,14,25,23,24,12,14,14,"F10, F11, F12, C01, C02",24.56,"Mixed (2025-05-12; NA)",5,"R01","Ilo mariculture","Ilo","C.Cham","many","Gam","Yes",45.7817997037888,1.12449888643233,0.363,2.24899777286466,3.14353486119342,0.0933600913550351,0.0289913780286484,0.18672018271007,2.22281481724618,0.0660155536893409,0.0205,0.132031107378682,0.0686634182476942,0.0830237294865062,0.0798660551753401,0.0830237294865062,4.85523686623928,5.87066421193062,5.6473829201102,5.87066421193062,2,2,2,2,NA,NA,NA,NA,NA,NA,NA,NA,"D03, D04",24.55,"2025-05-30",2,"R01","Ilo mariculture","Ilo","C.Cham","many","Gam","Yes",NA,NA,NA,NA,NA,NA,NA,NA,NA,NA,NA,NA,NA,NA,NA,NA,NA,NA,NA,NA,NA,NA,NA,NA,NA,NA,NA,NA,NA,NA,NA,NA,NA,NA,NA,NA,NA,NA,NA,NA,NA,NA,NA,NA,NA,NA,NA,NA,NA,NA,NA,NA,NA,NA,NA,NA,NA,NA,NA,NA,NA,NA,NA,NA,NA,NA,NA,NA,NA,NA,NA,NA,NA,NA,NA,NA,NA,NA,NA,NA,NA,NA,"R01","Ilo mariculture","Ilo","C.Cham","many","Gam","Yes",NA,NA
"25","Lab_24",0.0485190579840597,0.00082399999999999,0.0587910220698054,48.5190579840597,0.0013412315746553,0.00577777777777778,0.008,-0.00033333333333332,10647,0.001236,0.0180481961219288,0.00031322835120723,0.0201297260099625,18.0481961219288,0.0001327954422402,0.00171053381314896,0.00230940107675851,0.00152752523165195,3819.37835255948,0.00046984252681084,0.0104201308893828,0.00018084247288731,0.0116219027305653,10.4201308893828,7.6669484324539e-05,0.00098757715747951,0.00133333333333333,0.00088191710368819,2205.11911998725,0.00027126370933097,0.371981585624732,0.380131494183533,0.342394557897998,0.371981585624732,0.099010077565715,0.296053929198859,0.288675134594813,-4.5825756949559,0.358728125533905,0.380131494183533,40.9180142073628,42.7184466019418,39.0321609297718,40.9180142073628,10.779921445958,32.6923076923077,33.3333333333334,-100.000000000001,40.8941485864563,42.7184466019418,3,3,3,3,3,3,3,3,3,3,123,123,123,123,245,235,123,123,123,123,45,45,45,45,13,14,45,45,45,45,"G01, G02, G03, C03, C04",25.12,"Mixed (2025-05-12; NA)",5,"R02","Ilo mariculture","Ilo","C.Cham","many","Gam","Yes",36.0727825563356,0.92967249627598,0.3025,1.85934499255196,1.29245450259856,0.022770753989033,0.00707106781186548,0.045541507978066,0.913903343162531,0.0161013545583759,0.005,0.0322027091167517,0.0358290769662726,0.0244933071379938,0.0233754307830264,0.0244933071379938,2.53349832865061,1.73193835709604,1.65289256198347,1.73193835709604,2,2,2,2,NA,NA,NA,NA,NA,NA,NA,NA,"D05, D06",25.8,"2025-05-30",2,"R02","Ilo mariculture","Ilo","C.Cham","many","Gam","Yes",NA,NA,NA,NA,NA,NA,NA,NA,NA,NA,NA,NA,NA,NA,NA,NA,NA,NA,NA,NA,NA,NA,NA,NA,NA,NA,NA,NA,NA,NA,NA,NA,NA,NA,NA,NA,NA,NA,NA,NA,NA,NA,NA,NA,NA,NA,NA,NA,NA,NA,NA,NA,NA,NA,NA,NA,NA,NA,NA,NA,NA,NA,NA,NA,NA,NA,NA,NA,NA,NA,NA,NA,NA,NA,NA,NA,NA,NA,NA,NA,NA,NA,"R02","Ilo mariculture","Ilo","C.Cham","many","Gam","Yes",NA,NA
"26","Lab_25",0.0111019285579621,0.00018399999999999,0.0123650682151719,11.1019285579621,0.00137858353984628,0.00766666666666667,0.00533333333333333,-0.00055555555555555,1838.22222222222,0.00027599999999999,0.00523840209909079,7.33212111192927e-05,0.00125240014314202,5.23840209909079,2.49186994396229e-05,0.00251661147842358,0.00360555127546399,0.00510265000142446,237.628172042265,0.00010998181667893,0.00302439286203357,4.2332020977033e-05,0.00072307355977616,3.02439286203357,1.43868178293217e-05,0.00145296631451356,0.00208166599946613,0.00294601635190286,137.19468909564,6.34980314655495e-05,0.471846136618662,0.398484843039635,0.101285340391841,0.471846136618662,0.0180755817252842,0.328253671098728,0.676040864149498,-9.18477000256408,0.129270644848911,0.398484843039635,53.0878897821532,43.4782608695649,11.1057783715711,53.0878897821532,1.98516954869488,34.7826086956521,75,-340.000000000003,14.1743230174081,43.4782608695649,3,3,3,3,3,3,3,3,3,3,134,134,134,134,134,123,123,234,134,134,2,2,2,2,2,4,4,1,2,2,"G04, G05, G06, C05",25.45,"Mixed (2025-05-12; NA)",4,"R03","Ilo mariculture","Ilo","C.Cham","many","Gam","Yes",45.5991692386615,1.16797254373994,0.3765,2.33594508747988,7.02136007823579,0.100191317551745,0.0311126983722081,0.20038263510349,4.96485132447303,0.0708459600568537,0.022,0.141691920113707,0.153979999975146,0.0857822541195399,0.0826366490629696,0.0857822541195399,10.888030214953,6.06572135933944,5.84329349269589,6.06572135933944,2,2,2,2,NA,NA,NA,NA,NA,NA,NA,NA,"D07, D08",25.75,"2025-05-30",2,"R03","Ilo mariculture","Ilo","C.Cham","many","Gam","Yes",NA,NA,NA,NA,NA,NA,NA,NA,NA,NA,NA,NA,NA,NA,NA,NA,NA,NA,NA,NA,NA,NA,NA,NA,NA,NA,NA,NA,NA,NA,NA,NA,NA,NA,NA,NA,NA,NA,NA,NA,NA,NA,NA,NA,NA,NA,NA,NA,NA,NA,NA,NA,NA,NA,NA,NA,NA,NA,NA,NA,NA,NA,NA,NA,NA,NA,NA,NA,NA,NA,NA,NA,NA,NA,NA,NA,NA,NA,NA,NA,NA,NA,"R03","Ilo mariculture","Ilo","C.Cham","many","Gam","Yes",NA,NA
"27","Lab_26",0.0880587295009176,0.00152,0.113495633698162,88.0587295009176,0.00156736026948518,0.0103333333333333,0.0144444444444444,-0.0001111111111111,21026.5555555556,0.00228,0.0201202262362011,0.00038499870129651,0.0300574929666946,20.1202262362011,0.0005070104485482,0.00264575131106459,0.00541944373255875,0.00646643756753398,5703.0551688774,0.00057749805194476,0.0116164180336269,0.00022227910383119,0.0173537016554864,11.6164180336269,0.00029272261895126,0.00152752523165195,0.00312891729785083,0.00373339947031365,3292.66043695465,0.00033341865574679,0.228486447059078,0.253288619274021,0.264833914638793,0.228486447059078,0.323480477602473,0.256040449457864,0.375192258407914,-58.1979381078074,0.271231070339077,0.253288619274021,22.9528035498185,26.3157894736842,29.4386050834547,22.9528035498184,34.4011866963434,29.0322580645162,40.7692307692308,-2900.00000000008,30.1497048705605,26.3157894736842,3,3,3,3,3,3,3,3,3,3,135,135,135,135,145,123,135,245,135,135,24,24,24,24,23,45,24,13,24,24,"G07, G08, G09, C07, C08",25.3,"Mixed (2025-05-12; NA)",5,NA,NA,NA,NA,NA,NA,NA,35.9626772190143,0.947383986290193,0.308,1.89476797258039,6.57774573855279,0.170780654917747,0.0530330085889911,0.341561309835495,4.65116861665159,0.120760159187819,0.0375,0.241520318375638,0.182904784827171,0.18026550732243,0.1721850928214,0.18026550732243,12.9333213662759,12.7466962641723,12.1753246753247,12.7466962641723,2,2,2,2,NA,NA,NA,NA,NA,NA,NA,NA,"D09, D10",26.35,"2025-05-30",2,NA,NA,NA,NA,NA,NA,NA,NA,NA,NA,NA,NA,NA,NA,NA,NA,NA,NA,NA,NA,NA,NA,NA,NA,NA,NA,NA,NA,NA,NA,NA,NA,NA,NA,NA,NA,NA,NA,NA,NA,NA,NA,NA,NA,NA,NA,NA,NA,NA,NA,NA,NA,NA,NA,NA,NA,NA,NA,NA,NA,NA,NA,NA,NA,NA,NA,NA,NA,NA,NA,NA,NA,NA,NA,NA,NA,NA,NA,NA,NA,NA,NA,NA,NA,NA,NA,NA,NA,NA,NA,NA,NA,NA,NA,NA,NA,NA,NA
"28","Lab_35",0.0223775064554178,0.000368,0.0343403749716771,22.3775064554178,0.0010709580002787,0.029,0.023,0.0106666666666667,6007.77777777778,0.000552,0.0076396011948961,0.0001385640646055,0.00826516948548487,7.6396011948961,5.34210221684088e-05,0.00152752523165194,0.00513160143944688,0.00152752523165194,1568.21853399658,0.00020784609690826,0.00441072580637465,7.99999999999996e-05,0.00477189782734257,4.41072580637465,3.08426415293158e-05,0.00088191710368819,0.00296273147243853,0.00088191710368819,905.411392751084,0.00011999999999999,0.341396446923893,0.376532784254102,0.240683728477098,0.341396446923893,0.0498815286449203,0.0526732838500669,0.223113106062908,0.14320549046737,0.261031381652842,0.376532784254102,39.3412730070087,43.478260869565,27.4602465270611,39.3412730070087,5.540371423465,5.74712643678159,24.6376811594203,15.625,29.781764379508,43.478260869565,3,3,3,3,3,3,3,3,3,3,145,145,145,145,145,123,123,123,145,145,23,23,23,23,23,45,45,45,23,23,"G10, G11, G12, C09, C10",24.78,"Mixed (2025-05-12; NA)",5,"Carp 01","Mendieta","Paracas","C.Cham",NA,"Carp","No",37.8556956054002,0.913571141717604,0.2975,1.82714228343521,9.29426388484647,0.159395277923231,0.0494974746830583,0.318790555846462,6.57203701911216,0.112709481908631,0.035,0.225418963817262,0.245518243324015,0.174474948522949,0.166378066161541,0.174474948522949,17.360761475942,12.3372419247751,11.764705882353,12.3372419247751,2,2,2,2,NA,NA,NA,NA,NA,NA,NA,NA,"D11, D12",24.35,"2025-05-30",2,"Carp 01","Mendieta","Paracas","C.Cham",NA,"Carp","No",NA,NA,NA,NA,NA,NA,NA,NA,NA,NA,NA,NA,NA,NA,NA,NA,NA,NA,NA,NA,NA,NA,NA,NA,NA,NA,NA,NA,NA,NA,NA,NA,NA,NA,NA,NA,NA,NA,NA,NA,NA,NA,NA,NA,NA,NA,NA,NA,NA,NA,NA,NA,NA,NA,NA,NA,NA,NA,NA,NA,NA,NA,NA,NA,NA,NA,NA,NA,NA,NA,NA,NA,NA,NA,NA,NA,NA,NA,NA,NA,NA,NA,"Carp 01","Mendieta","Paracas","C.Cham",NA,"Carp","No",NA,NA
"29","Lab_36",0.0281373217880308,0.000472,0.0277910003843309,28.1373217880308,0.00112321430186319,0.0357777777777778,0.0251111111111111,0.0181111111111111,4765.11111111111,0.000708,0.00475906854010675,9.99199679743737e-05,0.00216768659468423,4.75906854010675,2.6575309648413e-05,0.00818082672631109,0.00880235658681705,0.00926362859870876,411.292992799447,0.00014987995196156,0.00274764950272251,5.76888204074234e-05,0.00125151443895968,2.74764950272251,1.53432621793089e-05,0.00472320251262939,0.0050820429449019,0.00534835846513722,237.460120108567,8.65332306111351e-05,0.169137225495683,0.211694847403334,0.0779995885252989,0.169137225495683,0.0236600527649352,0.228656647629813,0.350536324253776,0.511488695634226,0.0863134107912844,0.211694847403334,19.3630587830014,23.7288135593219,8.96809315920072,19.3630587830014,2.71806390645624,23.6024844720497,38.0530973451328,58.282208588957,9.92398451709182,23.7288135593219,3,3,3,3,3,3,3,3,3,3,145,145,245,145,245,124,124,124,245,145,23,23,13,23,13,35,35,35,13,23,"H01, H02, H03, C11, C12",25.04,"Mixed (2025-05-12; NA)",5,"R05","Mendieta","Paracas","C.Cham",NA,"Gam/Tetra",NA,34.41629130836,0.903910328982578,0.2945,1.80782065796516,1.05017788624087,0.0592039603714856,0.0183847763108502,0.118407920742971,0.742587904813071,0.0418635218517771,0.013,0.0837270437035542,0.0305139759781662,0.065497603548932,0.0624270842473691,0.065497603548932,2.15766393351247,4.63137996209179,4.41426146010187,4.63137996209179,2,2,2,2,NA,NA,NA,NA,NA,NA,NA,NA,"E01, E02",26.25,"2025-05-30",2,"R05","Mendieta","Paracas","C.Cham",NA,"Gam/Tetra",NA,NA,NA,NA,NA,NA,NA,NA,NA,NA,NA,NA,NA,NA,NA,NA,NA,NA,NA,NA,NA,NA,NA,NA,NA,NA,NA,NA,NA,NA,NA,NA,NA,NA,NA,NA,NA,NA,NA,NA,NA,NA,NA,NA,NA,NA,NA,NA,NA,NA,NA,NA,NA,NA,NA,NA,NA,NA,NA,NA,NA,NA,NA,NA,NA,NA,NA,NA,NA,NA,NA,NA,NA,NA,NA,NA,NA,NA,NA,NA,NA,NA,NA,"R05","Mendieta","Paracas","C.Cham",NA,"Gam/Tetra",NA,NA,NA
"30","Lab_37",0.203236978331577,0.003472,0.220206402189272,203.236978331577,0.00522952144992827,0.0574444444444444,0.0661111111111111,0.0321111111111111,41273.6666666667,0.005208,0.0229340114093099,0.00045049306320963,0.0182836513010826,22.9340114093099,0.00052406313679835,0.00920346150661281,0.00731310340973526,0.00353291402124103,3469.10742602954,0.00067573959481445,0.013240957660763,0.00026009229131214,0.0105560710004493,13.240957660763,0.00030256799310288,0.00531362097831926,0.00422222222222222,0.00203972886118731,2002.89010626589,0.00039013843696821,0.112843694083532,0.129750306223973,0.0830296082189628,0.112843694083532,0.100212446170489,0.160214997213763,0.110618370903558,0.11002154391408,0.0840513505632214,0.129750306223973,11.4334401752749,14.0552995391705,9.53610237602378,11.4334401752749,11.5099962726094,17.6015473887814,12.436974789916,11.7647058823529,9.65345135316304,14.0552995391705,3,3,3,3,3,3,3,3,3,3,125,125,123,125,123,125,125,125,123,125,34,34,45,34,45,34,34,34,45,34,"H04, H05, H06, D01, D02",25.32,"Mixed (2025-05-12; NA)",5,"R01","Mendieta","Paracas","C.Cham",NA,"Carp",NA,43.0214223863551,1.09068604185974,0.3525,2.18137208371948,0.114347609539867,0.0728664127649054,0.0226274169979695,0.145732825529811,0.0808559701181117,0.0515243345868026,0.016,0.103048669173605,0.00265792256966693,0.0668078713473405,0.0641912538949489,0.0668078713473405,0.187943507288034,4.72402988663429,4.53900709219859,4.72402988663429,2,2,2,2,NA,NA,NA,NA,NA,NA,NA,NA,"E03, E04",25.35,"2025-05-30",2,"R01","Mendieta","Paracas","C.Cham",NA,"Carp",NA,NA,NA,NA,NA,NA,NA,NA,NA,NA,NA,NA,NA,NA,NA,NA,NA,NA,NA,NA,NA,NA,NA,NA,NA,NA,NA,NA,NA,NA,NA,NA,NA,NA,NA,NA,NA,NA,NA,NA,NA,NA,NA,NA,NA,NA,NA,NA,NA,NA,NA,NA,NA,NA,NA,NA,NA,NA,NA,NA,NA,NA,NA,NA,NA,NA,NA,NA,NA,NA,NA,NA,NA,NA,NA,NA,NA,NA,NA,NA,NA,NA,NA,"R01","Mendieta","Paracas","C.Cham",NA,"Carp",NA,NA,NA
"31","Lab_38",0.0134496841740936,0.000368,0.0153059622761208,13.4496841740936,0.00132162383893568,0.0245555555555556,0.0155555555555556,-0.00055555555555555,2396.22222222222,0.00055199999999999,0.00088599156138013,0.0001108512516844,0.00050577214955053,0.885991561380133,9.52921498000017e-06,0.00157527187541754,0.0032885885748775,0.00397678448181628,95.9643066361038,0.00016627687752661,0.00051152746646255,6.40000000000004e-05,0.00029200768669161,0.511527466462557,5.50169483386891e-06,0.00090948364131916,0.00189866749895945,0.00229599759108576,55.4050182689504,9.60000000000006e-05,0.0658745253726258,0.301226227403285,0.0330441262317498,0.0658745253726258,0.00721023236662724,0.0641513433427957,0.211409265527839,-7.15821206726929,0.0400481665457171,0.301226227403285,7.34698078976808,34.7826086956524,3.80684429602766,7.34698078976808,0.830687068560603,7.2398190045249,24.2857142857143,-319.999999999999,4.61374385606974,34.7826086956524,3,3,3,3,3,3,3,3,3,3,146,245,256,146,256,234,234,167,256,245,2357,1367,1347,2357,1347,1567,1567,2345,1347,1367,"F09, F10, H07, H08, H09, D03, D04",20.7285714285714,"Mixed (2025-05-06; 2025-05-12; NA)",7,"R03","Mendieta","Paracas","C.Cham",NA,"Gam/Tetra",NA,28.5585721217712,0.723575157928769,0.2385,1.44715031585754,4.24170563101691,0.159395277923231,0.0494974746830583,0.318790555846462,2.99933881548922,0.112709481908631,0.035,0.225418963817262,0.148526530420732,0.220288488592531,0.207536581480328,0.220288488592531,10.502411684661,15.5767484101115,14.6750524109015,15.5767484101115,2,2,2,2,NA,NA,NA,NA,NA,NA,NA,NA,"E05, E06",25.2,"2025-05-30",2,"R03","Mendieta","Paracas","C.Cham",NA,"Gam/Tetra",NA,NA,NA,NA,NA,NA,NA,NA,NA,NA,NA,NA,NA,NA,NA,NA,NA,NA,NA,NA,NA,NA,NA,NA,NA,NA,NA,NA,NA,NA,NA,NA,NA,NA,NA,NA,NA,NA,NA,NA,NA,NA,NA,NA,NA,NA,NA,NA,NA,NA,NA,NA,NA,NA,NA,NA,NA,NA,NA,NA,NA,NA,NA,NA,NA,NA,NA,NA,NA,NA,NA,NA,NA,NA,NA,NA,NA,NA,NA,NA,NA,NA,NA,"R03","Mendieta","Paracas","C.Cham",NA,"Gam/Tetra",NA,NA,NA
"32","Lab_39",0.0632302562302562,0.00124,0.0696480861657817,63.2302562302562,0.00102446755681009,0.0223333333333333,0.0583333333333333,0.0288888888888889,12707,0.00186,0.00311964536846602,0.00022299775783626,0.00294675840342136,3.11964536846601,2.88006514328072e-06,0.00602771377334171,0.0167032930884901,0.0081808267263111,559.112689893549,0.00033449663675439,0.00180112809326003,0.00012874781551544,0.00170131175745211,1.80112809326002,1.66280638575678e-06,0.00348010216963685,0.00964365076099296,0.0047232025126294,322.803862017376,0.00019312172327317,0.0493378574508012,0.179836901480856,0.0423092516340974,0.0493378574508012,0.0028112799904064,0.269897631642166,0.286342167231258,0.283182463603076,0.044000369079527,0.179836901480856,5.67438090850041,20,4.40411832822699,5.67438090850038,0.323818534302193,28.3582089552239,30.8571428571429,29.2307692307692,4.58015267175572,20,3,3,3,3,3,3,3,3,3,3,156,456,456,156,123,123,456,145,456,456,234,123,123,234,456,456,123,236,123,123,"F11, F12, G01, H10, H11, H12",17.9333333333333,"Mixed (2025-05-06; 2025-05-12)",6,"R04","Mendieta","Paracas","F. Glom",NA,"Gam/Tetra",NA,48.7248154274281,1.24042863925263,0.399,2.48085727850527,9.90810875554014,0.302851028054139,0.0940452018978108,0.605702056108277,7.00609088977624,0.214148015626399,0.0665,0.428296031252797,0.203348307605137,0.244150302944157,0.235702260395516,0.244150302944157,14.37889672504,17.2640334840563,16.6666666666667,17.2640334840563,2,2,2,2,NA,NA,NA,NA,NA,NA,NA,NA,"E07, E08",25.35,"2025-05-30",2,"R04","Mendieta","Paracas","F. Glom",NA,"Gam/Tetra",NA,NA,NA,NA,NA,NA,NA,NA,NA,NA,NA,NA,NA,NA,NA,NA,NA,NA,NA,NA,NA,NA,NA,NA,NA,NA,NA,NA,NA,NA,NA,NA,NA,NA,NA,NA,NA,NA,NA,NA,NA,NA,NA,NA,NA,NA,NA,NA,NA,NA,NA,NA,NA,NA,NA,NA,NA,NA,NA,NA,NA,NA,NA,NA,NA,NA,NA,NA,NA,NA,NA,NA,NA,NA,NA,NA,NA,NA,NA,NA,NA,NA,NA,"R04","Mendieta","Paracas","F. Glom",NA,"Gam/Tetra",NA,NA,NA
"33","Lab_40",0.0301284828527065,0.00052,0.0475140812231918,30.1284828527065,0.00103635709893546,0.0251111111111111,0.0183333333333333,0.01,8507.33333333333,0.00078,0.00678596378925503,0.00012315843454672,0.00879811092178285,6.78596378925503,3.71604780874721e-05,0.00539890249478059,0.00458257569495584,0.00346410161513775,1669.33789269878,0.00018473765182008,0.00391787802043745,7.11055553385248e-05,0.00507959170905152,3.91787802043745,2.14546120270172e-05,0.00311705780869012,0.00264575131106459,0.002,963.792681718083,0.00010665833300778,0.225234168691154,0.236843143359087,0.185168495218391,0.225234168691154,0.0358568278498244,0.215000541827546,0.249958674270319,0.346410161513775,0.19622340248007,0.236843143359087,22.7190356601024,26.1538461538461,20.6650138417549,22.7190356601024,4.12201790694999,24.7787610619469,27.2727272727273,40,21.8987540161429,26.1538461538462,3,3,3,3,3,3,3,3,3,3,123,123,123,123,123,125,123,123,123,123,45,45,45,45,45,34,45,45,45,45,"A01, A02, A03, D05, D06",25.42,"Mixed (2025-05-15; NA)",5,"R03","Mendieta","Paracas","F. Glom",NA,"Carp",NA,47.2658951132739,1.25975026472268,0.405,2.51950052944537,1.07631036755428,0.0387102817813561,0.0120208152801713,0.0774205635627122,0.761066359559017,0.027372302749239,0.00850000000000001,0.0547446054984779,0.0227713949979129,0.0307285363340468,0.0296810253831391,0.0307285363340468,1.61018078201016,2.17283564177417,2.09876543209877,2.17283564177417,2,2,2,2,NA,NA,NA,NA,NA,NA,NA,NA,"E09, E10",26.65,"2025-05-30",2,"R03","Mendieta","Paracas","F. Glom",NA,"Carp",NA,NA,NA,NA,NA,NA,NA,NA,NA,NA,NA,NA,NA,NA,NA,NA,NA,NA,NA,NA,NA,NA,NA,NA,NA,NA,NA,NA,NA,NA,NA,NA,NA,NA,NA,NA,NA,NA,NA,NA,NA,NA,NA,NA,NA,NA,NA,NA,NA,NA,NA,NA,NA,NA,NA,NA,NA,NA,NA,NA,NA,NA,NA,NA,NA,NA,NA,NA,NA,NA,NA,NA,NA,NA,NA,NA,NA,NA,NA,NA,NA,NA,NA,"R03","Mendieta","Paracas","F. Glom",NA,"Carp",NA,NA,NA
"34","Lab_41",0.0919886930199431,0.001552,0.114522194289329,91.9886930199431,0.00228271115269549,0.0316666666666667,0.0283333333333333,0.0113333333333333,21221.3333333333,0.002328,0.00659270070848916,0.00013218169313486,0.00626002266954738,6.59270070848916,0.00016374137727549,0.0135769412362775,0.006,0.00404145188432738,1187.76554925625,0.0001982725397023,0.00380629752873285,7.63151361133559e-05,0.00361422577339634,3.80629752873285,9.45361282474845e-05,0.00783865067753656,0.00346410161513775,0.00233333333333333,685.756759597259,0.00011447270417003,0.0716685985206885,0.08516861671061,0.054662091556961,0.0716685985206885,0.0717310979455897,0.428745512724554,0.211764705882353,0.356598695675945,0.0559703544824194,0.08516861671061,7.52000789766333,8.76288659793817,5.53171744142683,7.52000789766334,7.27925542037887,49.4736842105263,21.1764705882353,38.2352941176471,5.66411158582558,8.76288659793817,3,3,3,3,3,3,3,3,3,3,234,234,234,234,234,234,234,234,234,234,1,1,1,1,1,1,1,1,1,1,"G06, A04, A05, A06",21.625,"Mixed (2025-05-06; 2025-05-15)",4,"R05","Mendieta","Paracas","F. Glom",NA,"Gam/Tetra",NA,44.2785971966488,1.1148380736973,0.36,2.2296761473946,8.69590647351355,0.120684996141875,0.037476659402887,0.241369992283749,6.14893443598543,0.0853371791593919,0.0265,0.170674358318784,0.196390740088119,0.108253385840716,0.104101831674686,0.108253385840716,13.8869224078554,7.65467032143742,7.36111111111112,7.65467032143742,2,2,2,2,NA,NA,NA,NA,NA,NA,NA,NA,"E11, E12",25.4,"2025-05-30",2,"R05","Mendieta","Paracas","F. Glom",NA,"Gam/Tetra",NA,NA,NA,NA,NA,NA,NA,NA,NA,NA,NA,NA,NA,NA,NA,NA,NA,NA,NA,NA,NA,NA,NA,NA,NA,NA,NA,NA,NA,NA,NA,NA,NA,NA,NA,NA,NA,NA,NA,NA,NA,NA,NA,NA,NA,NA,NA,NA,NA,NA,NA,NA,NA,NA,NA,NA,NA,NA,NA,NA,NA,NA,NA,NA,NA,NA,NA,NA,NA,NA,NA,NA,NA,NA,NA,NA,NA,NA,NA,NA,NA,NA,NA,"R05","Mendieta","Paracas","F. Glom",NA,"Gam/Tetra",NA,NA,NA
"35","Lab_42",0.062085425959318,0.00104,0.077156677095588,62.085425959318,0.00116184148687554,0.026,0.02,0.007,14131.6666666667,0.00156,0.00695350059801727,0.00013362634470792,0.00611955013711501,6.95350059801727,9.52852167013813e-05,0.00305505046330389,0.00208166599946613,0.001,1161.11254120061,0.00020043951706188,0.0040146054420755,7.71492060879437e-05,0.00353312391898276,4.01460544207549,5.50129455123343e-05,0.00176383420737639,0.00120185042515466,0.00057735026918962,670.368638221621,0.00011572380913191,0.111998919079231,0.128486869911462,0.0793132929964521,0.111998919079231,0.0820122346961678,0.117501940896303,0.104083299973307,0.142857142857143,0.0821638783724926,0.128486869911462,11.3064093512711,13.8461538461538,9.15555095715836,11.306409351271,8.29914820094612,12.8205128205128,11.6666666666667,14.2857142857143,9.48460903408421,13.8461538461538,3,3,3,3,3,3,3,3,3,3,345,345,345,345,123,345,345,134,345,345,12,12,12,12,45,12,12,25,12,12,"G08, G10, A07, A08, A09",18.96,"Mixed (2025-05-06; 2025-05-15)",5,"R01","Mendieta","Paracas","C.Cham",NA,"Gam/Tetra",NA,32.7068720530324,0.831454233469887,0.272,1.66290846693977,4.0106798918443,0.166226504119941,0.051618795026618,0.332453008239882,2.83597894869163,0.117539888276144,0.0365,0.235079776552287,0.122624991021496,0.199922614412861,0.189774981715507,0.199922614412861,8.67089626942392,14.1366636363877,13.4191176470588,14.1366636363877,2,2,2,2,NA,NA,NA,NA,NA,NA,NA,NA,"F01, F02",25.3,"2025-05-30",2,"R01","Mendieta","Paracas","C.Cham",NA,"Gam/Tetra",NA,NA,NA,NA,NA,NA,NA,NA,NA,NA,NA,NA,NA,NA,NA,NA,NA,NA,NA,NA,NA,NA,NA,NA,NA,NA,NA,NA,NA,NA,NA,NA,NA,NA,NA,NA,NA,NA,NA,NA,NA,NA,NA,NA,NA,NA,NA,NA,NA,NA,NA,NA,NA,NA,NA,NA,NA,NA,NA,NA,NA,NA,NA,NA,NA,NA,NA,NA,NA,NA,NA,NA,NA,NA,NA,NA,NA,NA,NA,NA,NA,NA,NA,"R01","Mendieta","Paracas","C.Cham",NA,"Gam/Tetra",NA,NA,NA
"36","Lab_43",0.0665480449782776,0.003152,0.185301585283087,66.5480449782776,0.00423546216680189,0.035,0.0367777777777778,0.0135555555555556,34650.8888888889,0.004728,0.0130748288455369,0.00091294687687729,0.0197084047316433,13.0748288455369,0.00055749703196919,0.00272845092395749,0.00567972351961425,0.00138777733297742,3739.43760378384,0.00136942031531594,0.00754875595357902,0.00052709012512093,0.0113786527771124,7.54875595357902,0.00032187106147983,0.00157527187541754,0.00327918990297194,0.00080123361676977,2158.96530716241,0.00079063518768139,0.196472020324635,0.289640506623506,0.106358532775284,0.196472020324635,0.131626020966242,0.0779557406844997,0.154433570019723,0.102377016367187,0.107917508718887,0.289640506623506,20.3233455900002,29.6954314720812,11.7179475591739,20.3233455900002,14.4932831475934,8.5714285714286,17.8247734138973,11.4754098360656,11.8897062124428,29.6954314720812,3,3,3,3,3,3,3,3,3,3,238,456,245,238,245,347,567,567,245,456,14567,12378,13678,14567,13678,12568,12348,12348,13678,12378,"G11, G12, H01, A10, A11, A12, D07, D08",19.375,"Mixed (2025-05-06; 2025-05-15; NA)",8,"R04","Concession","Paracas","C.Cham",NA,"Gam/Tetra",NA,32.6362041622797,0.823403556190699,0.2695,1.6468071123814,3.36344496269128,0.00910830159561321,0.00282842712474619,0.0182166031912264,2.37831474126674,0.00644054182335035,0.002,0.0128810836467007,0.103058705784746,0.0110617710199733,0.010495091371971,0.0110617710199733,7.28735097207031,0.7821853300156,0.742115027829314,0.7821853300156,2,2,2,2,NA,NA,NA,NA,NA,NA,NA,NA,"F03, F04",25.35,"2025-05-30",2,"R04","Concession","Paracas","C.Cham",NA,"Gam/Tetra",NA,NA,NA,NA,NA,NA,NA,NA,NA,NA,NA,NA,NA,NA,NA,NA,NA,NA,NA,NA,NA,NA,NA,NA,NA,NA,NA,NA,NA,NA,NA,NA,NA,NA,NA,NA,NA,NA,NA,NA,NA,NA,NA,NA,NA,NA,NA,NA,NA,NA,NA,NA,NA,NA,NA,NA,NA,NA,NA,NA,NA,NA,NA,NA,NA,NA,NA,NA,NA,NA,NA,NA,NA,NA,NA,NA,NA,NA,NA,NA,NA,NA,NA,"R04","Concession","Paracas","C.Cham",NA,"Gam/Tetra",NA,NA,NA
"37","Lab_44",0.123158469945355,0.002064,0.140648249174868,123.158469945355,0.00298492908597748,0.0252222222222222,0.0265555555555556,0.00833333333333333,26178.4444444444,0.003096,0.00257078734327737,8.42852300228209e-05,0.00606818618628671,2.57078734327738,0.00016668358626812,0.00245703826527733,0.00397678448181629,0.00115470053837925,1151.36683667396,0.00012642784503423,0.00148424476467047,4.86621002423852e-05,0.0035034689281454,1.48424476467048,9.62348134013966e-05,0.00141857170386708,0.00229599759108576,0.00066666666666666,664.741953089717,7.29931503635778e-05,0.0208738168346685,0.0408358672591187,0.0431444132570903,0.0208738168346686,0.0558417240299513,0.0974156140418325,0.149753390528647,0.13856406460551,0.0439814840456763,0.0408358672591187,2.4027394257019,4.26356589147282,4.48377404399527,2.40273942570191,5.80908164513138,11.0132158590308,17.1548117154812,16,4.57076644907175,4.26356589147282,3,3,3,3,3,3,3,3,3,3,456,456,125,456,125,145,145,345,125,456,123,123,346,123,346,236,236,126,346,123,"H02, H03, H04, B01, B02, B03",17.4333333333333,"Mixed (2025-05-06; 2025-05-15)",6,"R03","Concession","Paracas","C.Cham",NA,"Gam/Tetra",NA,32.6531778964085,0.779929898883084,0.256,1.55985979776617,9.84386312873921,0.252755369278266,0.0784888527117068,0.505510738556532,6.96066237140372,0.178725035597972,0.0555,0.357450071195944,0.301467231151854,0.32407447084697,0.306597080905105,0.32407447084697,21.3169523453009,22.9155255945334,21.6796875,22.9155255945334,2,2,2,2,NA,NA,NA,NA,NA,NA,NA,NA,"F05, F06",23.8,"2025-05-30",2,"R03","Concession","Paracas","C.Cham",NA,"Gam/Tetra",NA,NA,NA,NA,NA,NA,NA,NA,NA,NA,NA,NA,NA,NA,NA,NA,NA,NA,NA,NA,NA,NA,NA,NA,NA,NA,NA,NA,NA,NA,NA,NA,NA,NA,NA,NA,NA,NA,NA,NA,NA,NA,NA,NA,NA,NA,NA,NA,NA,NA,NA,NA,NA,NA,NA,NA,NA,NA,NA,NA,NA,NA,NA,NA,NA,NA,NA,NA,NA,NA,NA,NA,NA,NA,NA,NA,NA,NA,NA,NA,NA,NA,NA,"R03","Concession","Paracas","C.Cham",NA,"Gam/Tetra",NA,NA,NA
"38","Lab_45",0.0847124799504229,0.00146933333333333,0.0879780194596412,84.7124799504229,0.00162526167181004,0.00933333333333333,0.0211111111111111,0.003,16184.8888888889,0.002204,0.0046346771322961,0.00011435616875942,0.00438705653162256,4.6346771322961,0.00010048218730676,0.00115470053837925,0.00211695098702863,0,832.392290885688,0.00017153425313913,0.00267583208993816,6.60235648167463e-05,0.00253286826948239,2.67583208993816,5.80134178903202e-05,0.00066666666666666,0.00122222222222222,0,480.581913214221,9.90353472251195e-05,0.0547106770455605,0.0778286085023286,0.0498653704478431,0.0547106770455605,0.0618252365447427,0.123717914826348,0.100276625701356,0,0.0514302134911247,0.0778286085023287,6.30651022540239,8.52994555353901,5.30435177219466,6.3065102254024,6.60540625245155,14.2857142857143,11.578947368421,0,5.47080953427064,8.52994555353901,3,3,3,3,3,3,3,3,3,3,468,468,356,468,356,123,468,123,356,468,12357,12357,12478,12357,12478,45678,12357,45678,12478,12357,"H05, H06, H07, B04, B05, B06, D09, D10",19.5625,"Mixed (2025-05-07; 2025-05-15; NA)",8,"R02","Caro Caido","Marcona","C.Cham",NA,"Gam/Tetra",NA,30.263094871727,0.763828544324708,0.251,1.52765708864942,9.54680303159146,0.275526123267299,0.0855599205235723,0.551052246534598,6.75060916229061,0.194826390156348,0.0605,0.389652780312695,0.315460235380964,0.360717238592973,0.34087617738475,0.360717238592973,22.3064071632584,25.5065605499977,24.1035856573705,25.5065605499977,2,2,2,2,NA,NA,NA,NA,NA,NA,NA,NA,"F07, F08",25.05,"2025-05-30",2,"R02","Caro Caido","Marcona","C.Cham",NA,"Gam/Tetra",NA,0.573666666666667,0.0203333333333333,2,0.553333333333333,67.8508331781763,0.733458151852524,1.46691630370505,0.0679288843816335,0.01955334583475,1,0.0528141395209023,10.8119986228048,0.0683308813295457,0.136661762659091,0.0392187596834871,0.0112891294812507,0.577350269189626,0.0304922576694114,6.24231031535423,0.0394508527295776,0.0789017054591551,0.118411768242243,0.961639959086063,0.5,0.0954472400980162,0.159349533621975,0.0931626176039624,0.0931626176039624,13.5386403253922,100,50,10.3614457831325,18.3477831870653,10.1134345039928,10.1134345039928,3,3,3,3,3,3,3,123,123,123,123,123,123,123,NA,NA,NA,NA,NA,NA,NA,10.9,NA,3,"R01","Concession","Paracas","C.Cham","Gam/Tetra","No",0.327171837031795,0.0126196313465573,0.00728594755500868,0.0385718754433343,4.43007805132662,3,123,NA,NA,NA,3,"R01","Concession","Paracas","C.Cham","Gam/Tetra","No","R02","Caro Caido","Marcona","C.Cham",NA,"Gam/Tetra",NA,0.278283867176023,2
"39","Lab_46",0.0349040781666997,0.00051733333333333,0.0492632748830991,34.9040781666997,0.00102166687083632,0.0142222222222222,0.0108888888888889,0.00266666666666667,8839.22222222222,0.000776,0.00255505337721284,0.00013678206510114,0.00138822992453132,2.55505337721283,5.94105901539937e-06,0.0028349668493718,0.00126197963240006,0.00057735026918962,263.400272785933,0.00020517309765171,0.00147516075512769,7.89711621064579e-05,0.00080149492062525,1.47516075512769,3.43007202181228e-06,0.00163676887362847,0.000728604280478,0.00033333333333333,152.074218397579,0.00011845674315968,0.0732021446035634,0.264398321716127,0.0281798140262815,0.0732021446035634,0.0058150647583748,0.199333606596454,0.115896088689802,0.216506350946109,0.0297990327840986,0.264398321716127,8.32016864284486,30.4123711340206,3.17863598533833,8.32016864284485,0.661859657836281,22.65625,13.265306122449,24.9999999999999,3.36128115847297,30.4123711340206,3,3,3,3,3,3,3,3,3,3,245,345,256,245,256,345,345,124,256,345,136,126,134,136,134,126,126,356,134,126,"H08, H09, H10, B07, B08, B09",17.05,"Mixed (2025-05-07; 2025-05-15)",6,"R03","Caro Caido","Marcona","C.Cham",NA,"Carp",NA,43.514667238386,1.16958267919578,0.377,2.33916535839156,11.4444180842442,0.316513480447558,0.0982878425849301,0.633026960895117,8.09242563410303,0.223808828361424,0.0695,0.447617656722849,0.263001392646492,0.270620868517989,0.260710457784961,0.270620868517989,18.597006820184,19.1357851259663,18.4350132625995,19.1357851259663,2,2,2,2,NA,NA,NA,NA,NA,NA,NA,NA,"F09, F10",26.85,"2025-05-30",2,"R03","Caro Caido","Marcona","C.Cham",NA,"Carp",NA,NA,NA,NA,NA,NA,NA,NA,NA,NA,NA,NA,NA,NA,NA,NA,NA,NA,NA,NA,NA,NA,NA,NA,NA,NA,NA,NA,NA,NA,NA,NA,NA,NA,NA,NA,NA,NA,NA,NA,NA,NA,NA,NA,NA,NA,NA,NA,NA,NA,NA,NA,NA,NA,NA,NA,NA,NA,NA,NA,NA,NA,NA,NA,NA,NA,NA,NA,NA,NA,NA,NA,NA,NA,NA,NA,NA,NA,NA,NA,NA,NA,NA,"R03","Caro Caido","Marcona","C.Cham",NA,"Carp",NA,NA,NA
"40","Lab_48",0.0831192308607863,0.001432,0.0971262964449347,83.1192308607863,0.00184565570428261,0.022,0.0216666666666667,0.006,17920.6666666667,0.002148,0.0142904306255486,0.0001817250670656,0.0108984326971472,14.2904306255486,0.0002687033708189,0.00404145188432738,0.00321455025366432,0,2067.8492046891,0.00027258760059841,0.00825058396849615,0.00010491901638883,0.00629221305144293,8.25058396849615,0.00015513596347445,0.00233333333333333,0.00185592145427668,0,1193.8732949708,0.00015737852458324,0.171926887166258,0.12690297979442,0.112208877472498,0.171926887166258,0.145586942459207,0.183702358378517,0.14836385786143,0,0.115389078048943,0.12690297979442,19.8220203303055,14.5251396648045,12.717571728153,19.8220203303055,16.5316522722379,19.6969696969697,16.9230769230769,0,13.0780104906812,14.5251396648045,3,3,3,3,3,3,3,3,3,3,234,234,234,234,234,234,234,124,234,234,1,1,1,1,1,1,1,3,1,1,"H11, B10, B11, B12",21.925,"Mixed (2025-05-07; 2025-05-15)",4,"R02","7H","Marcona","F. Glom",NA,"Carp",NA,NA,NA,NA,NA,NA,NA,NA,NA,NA,NA,NA,NA,NA,NA,NA,NA,NA,NA,NA,NA,NA,NA,NA,NA,NA,NA,NA,NA,NA,NA,NA,NA,NA,NA,NA,NA,"R02","7H","Marcona","F. Glom",NA,"Carp",NA,NA,NA,NA,NA,NA,NA,NA,NA,NA,NA,NA,NA,NA,NA,NA,NA,NA,NA,NA,NA,NA,NA,NA,NA,NA,NA,NA,NA,NA,NA,NA,NA,NA,NA,NA,NA,NA,NA,NA,NA,NA,NA,NA,NA,NA,NA,NA,NA,NA,NA,NA,NA,NA,NA,NA,NA,NA,NA,NA,NA,NA,NA,NA,NA,NA,NA,NA,NA,NA,NA,NA,NA,NA,NA,NA,NA,NA,NA,NA,NA,NA,NA,"R02","7H","Marcona","F. Glom",NA,"Carp",NA,NA,NA
"41","Lab_49",0.0620422339538761,0.000992,0.0793658612542757,62.0422339538761,0.00143600465787455,0.0193333333333333,0.0163333333333333,0.005,14550.8333333333,0.001488,0.00358366982185125,3.39411254969543e-05,0.00140498450221251,3.58366982185125,2.91055774358496e-05,0,0,0,266.579256507328,5.09116882454316e-05,0.0025340372325646,2.4e-05,0.00099347406897647,2.53403723256461,2.05807511752394e-05,0,0,0,188.5,3.60000000000001e-05,0.0577617792504932,0.034214844250962,0.0177026303250356,0.0577617792504933,0.0202684422200476,0,0,0,0.0183205490984934,0.0342148442509621,4.08437458014241,2.41935483870969,1.25176499476713,4.08437458014242,1.43319529378834,0,0,0,1.29545845026058,2.41935483870969,2,2,2,2,2,2,2,2,2,2,12,12,12,12,12,13,12,12,12,12,3,3,3,3,3,2,3,3,3,3,"C01, C02, C03",23.7333333333333,"2025-05-15",3,"R01","7H","Marcona","C.Cham",NA,"Gam/Tetra",NA,48.1601287169658,1.1663624082841,0.376,2.33272481656821,5.05095313966472,0.0478185833769692,0.0148492424049175,0.0956371667539385,3.57156321651241,0.0338128445725893,0.0105,0.0676256891451785,0.104878314785014,0.0409980491803723,0.0394926659705253,0.0409980491803723,7.41601675839007,2.89899985908609,2.79255319148936,2.89899985908609,2,2,2,2,NA,NA,NA,NA,NA,NA,NA,NA,"G01, G02",24.3,"2025-05-30",2,"R01","7H","Marcona","C.Cham",NA,"Gam/Tetra",NA,NA,NA,NA,NA,NA,NA,NA,NA,NA,NA,NA,NA,NA,NA,NA,NA,NA,NA,NA,NA,NA,NA,NA,NA,NA,NA,NA,NA,NA,NA,NA,NA,NA,NA,NA,NA,NA,NA,NA,NA,NA,NA,NA,NA,NA,NA,NA,NA,NA,NA,NA,NA,NA,NA,NA,NA,NA,NA,NA,NA,NA,NA,NA,NA,NA,NA,NA,NA,NA,NA,NA,NA,NA,NA,NA,NA,NA,NA,NA,NA,NA,NA,"R01","7H","Marcona","C.Cham",NA,"Gam/Tetra",NA,NA,NA
"42","Lab_50",0.0230449790794979,0.000368,0.0251227041301067,23.0449790794979,0.00115890530495889,0.0218333333333333,0.0118333333333333,0.0055,4258.83333333333,0.000552,0.00205771031931065,3.39411254969543e-05,0.00238139283001006,2.05771031931065,3.38351615655928e-05,0.00070710678118654,0.00070710678118654,0.00070710678118654,451.841233178204,5.09116882454315e-05,0.00145502092050209,2.4e-05,0.00168389901876914,1.45502092050209,2.39250721855731e-05,5e-04,5e-04,5e-04,319.5,3.60000000000001e-05,0.0892910473996177,0.092231319285202,0.0947904659338098,0.0892910473996176,0.0291957948771259,0.0323865701306816,0.0597555026354829,0.128564869306645,0.106095072949134,0.0922313192852019,6.31383051155192,6.52173913043479,6.70269812536293,6.31383051155191,2.06445445397473,2.29007633587786,4.22535211267606,9.0909090909091,7.50205455328142,6.5217391304348,2,2,2,2,2,2,2,2,2,2,13,13,23,13,23,13,13,13,23,13,2,2,1,2,1,2,2,2,1,2,"C04, C05, C06",24.4666666666667,"2025-05-15",3,"R03","7H","Marcona","F. Glom",NA,"Carp",NA,31.5339798665972,0.833064368925725,0.2725,1.66612873785145,12.1909807113861,0.309682254250848,0.0961665222413705,0.619364508501697,8.6203251303355,0.218978421993911,0.068,0.437956843987823,0.386598227149233,0.371738686471729,0.352904668775671,0.371738686471729,27.336622801192,26.2858946033539,24.954128440367,26.2858946033539,2,2,2,2,NA,NA,NA,NA,NA,NA,NA,NA,"G03, G04",26.5,"2025-05-30",2,"R03","7H","Marcona","F. Glom",NA,"Carp",NA,NA,NA,NA,NA,NA,NA,NA,NA,NA,NA,NA,NA,NA,NA,NA,NA,NA,NA,NA,NA,NA,NA,NA,NA,NA,NA,NA,NA,NA,NA,NA,NA,NA,NA,NA,NA,NA,NA,NA,NA,NA,NA,NA,NA,NA,NA,NA,NA,NA,NA,NA,NA,NA,NA,NA,NA,NA,NA,NA,NA,NA,NA,NA,NA,NA,NA,NA,NA,NA,NA,NA,NA,NA,NA,NA,NA,NA,NA,NA,NA,NA,NA,"R03","7H","Marcona","F. Glom",NA,"Carp",NA,NA,NA
"43","Lab_51",0.0278195331309536,0.000452,0.0376215038891396,27.8195331309536,0.00106489901204506,0.0228333333333333,0.0123333333333333,0.005,6630.33333333333,0.000678,0.0255041047341816,0.00042426406871192,0.0131703321772388,25.5041047341816,7.19448160445044e-05,0.00353553390593274,0.00424264068711929,0,2498.91536471326,0.00063639610306789,0.0180341254056317,3e-04,0.00931283119300493,18.0341254056318,5.08726672962878e-05,0.0025,0.003,0,1767,0.00045,0.916769688913444,0.938637320159134,0.350074580113761,0.916769688913444,0.0675602242379208,0.154840900989755,0.343997893550213,0,0.376891362633341,0.938637320159134,64.8254063816978,66.3716814159292,24.7540109519474,64.8254063816978,4.77722926971176,10.9489051094891,24.3243243243243,0,26.6502438288673,66.3716814159292,2,2,2,2,2,2,2,2,2,2,NA,NA,NA,NA,NA,NA,NA,NA,NA,NA,NA,NA,NA,NA,NA,NA,NA,NA,NA,NA,"C07, C08",23.95,"2025-05-15",2,"R03","7H","Marcona","C.Cham",NA,"Carp",NA,NA,NA,NA,NA,NA,NA,NA,NA,NA,NA,NA,NA,NA,NA,NA,NA,NA,NA,NA,NA,NA,NA,NA,NA,NA,NA,NA,NA,NA,NA,NA,NA,NA,NA,NA,NA,"R03","7H","Marcona","C.Cham",NA,"Carp",NA,NA,NA,NA,NA,NA,NA,NA,NA,NA,NA,NA,NA,NA,NA,NA,NA,NA,NA,NA,NA,NA,NA,NA,NA,NA,NA,NA,NA,NA,NA,NA,NA,NA,NA,NA,NA,NA,NA,NA,NA,NA,NA,NA,NA,NA,NA,NA,NA,NA,NA,NA,NA,NA,NA,NA,NA,NA,NA,NA,NA,NA,NA,NA,NA,NA,NA,NA,NA,NA,NA,NA,NA,NA,NA,NA,NA,NA,NA,NA,NA,NA,NA,"R03","7H","Marcona","C.Cham",NA,"Carp",NA,NA,NA
"44","Lab_57",0.098595146871009,0.001656,0.114705780567327,98.595146871009,0.00228727923615342,0.0221666666666667,0.0311666666666667,0.0161666666666667,21256.1666666667,0.002484,0.00093919674640354,6.78822509939093e-05,0.00629447963988577,0.939196746403544,0.00016472375571974,0.0148492424049175,0.0120208152801713,0.0120208152801713,1194.30335342408,0.00010182337649086,0.00066411238825028,4.80000000000005e-05,0.00445086923740388,0.664112388250288,0.00011647728469194,0.0105,0.00849999999999999,0.0085,844.5,7.20000000000009e-05,0.00952579083463697,0.0409916974600901,0.0548749994006725,0.00952579083463698,0.072017335319655,0.669890634808308,0.385694607919935,0.743555584340493,0.0561862057328028,0.0409916974600902,0.673575129533646,2.89855072463771,3.88024841938233,0.673575129533647,5.09239461675136,47.3684210526316,27.2727272727272,52.5773195876288,3.97296470828073,2.89855072463772,2,2,2,2,2,2,2,2,2,2,NA,NA,NA,NA,NA,NA,NA,NA,NA,NA,NA,NA,NA,NA,NA,NA,NA,NA,NA,NA,"E01, E02",25.2,NA,2,"R01","Lima Market Freeze Dry","Paracas","C.Cham",NA,"Gam",NA,NA,NA,NA,NA,NA,NA,NA,NA,NA,NA,NA,NA,NA,NA,NA,NA,NA,NA,NA,NA,NA,NA,NA,NA,NA,NA,NA,NA,NA,NA,NA,NA,NA,NA,NA,NA,"R01","Lima Market Freeze Dry","Paracas","C.Cham",NA,"Gam",NA,NA,NA,NA,NA,NA,NA,NA,NA,NA,NA,NA,NA,NA,NA,NA,NA,NA,NA,NA,NA,NA,NA,NA,NA,NA,NA,NA,NA,NA,NA,NA,NA,NA,NA,NA,NA,NA,NA,NA,NA,NA,NA,NA,NA,NA,NA,NA,NA,NA,NA,NA,NA,NA,NA,NA,NA,NA,NA,NA,NA,NA,NA,NA,NA,NA,NA,NA,NA,NA,NA,NA,NA,NA,NA,NA,NA,NA,NA,NA,NA,NA,NA,"R01","Lima Market Freeze Dry","Paracas","C.Cham",NA,"Gam",NA,NA,NA
"45","Lab_58",0.0557057619186897,0.000972,0.0566521101706386,55.7057619186897,0.00107766032872314,0.0261666666666667,0.0246666666666667,0.0141666666666667,10241.1666666667,0.001458,0.0122030209175581,0.0002206173157302,0.00550440877922515,12.2030209175581,5.31027758437082e-05,0.00212132034355964,0.00141421356237309,0.00353553390593274,1044.39671581253,0.0003309259735953,0.00862883884176663,0.000156,0.00389220477421287,8.62883884176663,3.75493328989153e-05,0.0015,0.00099999999999999,0.0025,738.5,0.000234,0.219062095145025,0.226972547047535,0.0971615843195538,0.219062095145025,0.0492759865315137,0.0810695672697953,0.0573329822583684,0.249567099242311,0.101980247935215,0.226972547047535,15.490029297798,16.0493827160494,6.87036151431851,15.490029297798,3.48433842260903,5.73248407643313,4.05405405405403,17.6470588235294,7.21109248620763,16.0493827160494,2,2,2,2,2,2,2,2,2,2,NA,NA,NA,NA,NA,NA,NA,NA,NA,NA,NA,NA,NA,NA,NA,NA,NA,NA,NA,NA,"E03, E04",26.15,NA,2,"R02","Lima Market Freeze Dry","Paracas","C.Cham",NA,"Gam",NA,NA,NA,NA,NA,NA,NA,NA,NA,NA,NA,NA,NA,NA,NA,NA,NA,NA,NA,NA,NA,NA,NA,NA,NA,NA,NA,NA,NA,NA,NA,NA,NA,NA,NA,NA,NA,"R02","Lima Market Freeze Dry","Paracas","C.Cham",NA,"Gam",NA,NA,NA,NA,NA,NA,NA,NA,NA,NA,NA,NA,NA,NA,NA,NA,NA,NA,NA,NA,NA,NA,NA,NA,NA,NA,NA,NA,NA,NA,NA,NA,NA,NA,NA,NA,NA,NA,NA,NA,NA,NA,NA,NA,NA,NA,NA,NA,NA,NA,NA,NA,NA,NA,NA,NA,NA,NA,NA,NA,NA,NA,NA,NA,NA,NA,NA,NA,NA,NA,NA,NA,NA,NA,NA,NA,NA,NA,NA,NA,NA,NA,NA,"R02","Lima Market Freeze Dry","Paracas","C.Cham",NA,"Gam",NA,NA,NA
"46","Lab_59",0.0474871794871795,0.000792,0.0490574357229192,47.4871794871795,0.00104925182905916,0.0171666666666667,0.0161666666666667,0.00766666666666667,8800.16666666667,0.001188,0.0068172346083626,3.3941125496954e-05,0.0119516851421632,6.8172346083626,4.47200241814213e-05,0.0106066017177982,0.00636396103067893,0.00565685424949238,2267.69144726526,5.09116882454311e-05,0.00482051282051281,2.39999999999998e-05,0.0084511176106301,4.82051282051281,3.16218323535094e-05,0.0075,0.0045,0.004,1603.5,3.59999999999998e-05,0.143559476094029,0.042854956435548,0.243626373169348,0.143559476094029,0.0426208684539732,0.617860294240672,0.393647074062614,0.737850554281614,0.25768732947466,0.0428549564355481,10.1511879049676,3.03030303030301,17.226986054393,10.1511879049676,3.01375051038643,43.6893203883495,27.8350515463917,52.1739130434782,18.2212458097385,3.03030303030301,2,2,2,2,2,2,2,2,2,2,NA,NA,NA,NA,NA,NA,NA,NA,NA,NA,NA,NA,NA,NA,NA,NA,NA,NA,NA,NA,"E05, E06",25.2,NA,2,"R03","Lima Market Freeze Dry","Paracas","C.Cham",NA,"Gam",NA,NA,NA,NA,NA,NA,NA,NA,NA,NA,NA,NA,NA,NA,NA,NA,NA,NA,NA,NA,NA,NA,NA,NA,NA,NA,NA,NA,NA,NA,NA,NA,NA,NA,NA,NA,NA,"R03","Lima Market Freeze Dry","Paracas","C.Cham",NA,"Gam",NA,NA,NA,NA,NA,NA,NA,NA,NA,NA,NA,NA,NA,NA,NA,NA,NA,NA,NA,NA,NA,NA,NA,NA,NA,NA,NA,NA,NA,NA,NA,NA,NA,NA,NA,NA,NA,NA,NA,NA,NA,NA,NA,NA,NA,NA,NA,NA,NA,NA,NA,NA,NA,NA,NA,NA,NA,NA,NA,NA,NA,NA,NA,NA,NA,NA,NA,NA,NA,NA,NA,NA,NA,NA,NA,NA,NA,NA,NA,NA,NA,NA,NA,"R03","Lima Market Freeze Dry","Paracas","C.Cham",NA,"Gam",NA,NA,NA
"47","Lab_60",0.0325348098155489,0.000516,0.0406432110485376,32.5348098155489,0.00109570071124206,0.0401666666666667,0.0256666666666667,0.0166666666666667,7203.66666666667,0.000774,0.0304656156276514,0.00045820519420888,0.0197964925086283,30.4656156276514,5.8587768047317e-05,0.0120208152801713,0.014142135623731,0.00989949493661167,3756.15122166294,0.00068730779131332,0.0215424434033352,0.000324,0.0139982340965597,21.5424434033352,4.14278080808424e-05,0.0085,0.01,0.007,2656,0.000486,0.936400606008504,0.887994562420316,0.487079932857338,0.936400606008504,0.0534705941560479,0.299273409464846,0.550992297028479,0.5939696961967,0.521422130627404,0.887994562420316,66.2135218415806,62.7906976744186,34.4417523503312,66.2135218415806,3.78094197218152,21.1618257261411,38.961038961039,42,36.8701124427375,62.7906976744186,2,2,2,2,2,2,2,2,2,2,NA,NA,NA,NA,NA,NA,NA,NA,NA,NA,NA,NA,NA,NA,NA,NA,NA,NA,NA,NA,"E07, E08",24.75,NA,2,"R01","Lima Market Oven Dry","Paracas","C.Cham",NA,"Gam",NA,NA,NA,NA,NA,NA,NA,NA,NA,NA,NA,NA,NA,NA,NA,NA,NA,NA,NA,NA,NA,NA,NA,NA,NA,NA,NA,NA,NA,NA,NA,NA,NA,NA,NA,NA,NA,"R01","Lima Market Oven Dry","Paracas","C.Cham",NA,"Gam",NA,NA,NA,NA,NA,NA,NA,NA,NA,NA,NA,NA,NA,NA,NA,NA,NA,NA,NA,NA,NA,NA,NA,NA,NA,NA,NA,NA,NA,NA,NA,NA,NA,NA,NA,NA,NA,NA,NA,NA,NA,NA,NA,NA,NA,NA,NA,NA,NA,NA,NA,NA,NA,NA,NA,NA,NA,NA,NA,NA,NA,NA,NA,NA,NA,NA,NA,NA,NA,NA,NA,NA,NA,NA,NA,NA,NA,NA,NA,NA,NA,NA,NA,"R01","Lima Market Oven Dry","Paracas","C.Cham",NA,"Gam",NA,NA,NA
"48","Lab_61",0.0435160944206008,0.00068399999999999,0.0476634097746737,43.5160944206008,0.00104920882701178,0.0571666666666667,0.0496666666666667,0.0406666666666667,8535.66666666667,0.001026,0.0127506830092502,0.00018667619023325,0.0127827502455939,12.7506830092502,3.33618080023944e-05,0.0502045814642449,0.0424264068711928,0.0424264068711929,2425.37625946986,0.00028001428534987,0.0090160944206009,0.000132,0.00903876938087348,9.0160944206009,2.35903606711367e-05,0.0355,0.03,0.03,1715,0.000198,0.293010739567059,0.272918406773757,0.268187909887768,0.293010739567058,0.0317971095395863,0.878214253018861,0.854222957138111,1.0432723001113,0.284146084211722,0.272918406773757,20.7189880908352,19.2982456140352,18.9637489713887,20.7189880908353,2.2483951777573,62.0991253644315,60.4026845637584,73.7704918032787,20.0921622993713,19.2982456140352,2,2,2,2,2,2,2,2,2,2,NA,NA,NA,NA,NA,NA,NA,NA,NA,NA,NA,NA,NA,NA,NA,NA,NA,NA,NA,NA,"E09, E10",23.65,NA,2,"R02","Lima Market Oven Dry","Paracas","C.Cham",NA,"Gam",NA,NA,NA,NA,NA,NA,NA,NA,NA,NA,NA,NA,NA,NA,NA,NA,NA,NA,NA,NA,NA,NA,NA,NA,NA,NA,NA,NA,NA,NA,NA,NA,NA,NA,NA,NA,NA,"R02","Lima Market Oven Dry","Paracas","C.Cham",NA,"Gam",NA,NA,NA,NA,NA,NA,NA,NA,NA,NA,NA,NA,NA,NA,NA,NA,NA,NA,NA,NA,NA,NA,NA,NA,NA,NA,NA,NA,NA,NA,NA,NA,NA,NA,NA,NA,NA,NA,NA,NA,NA,NA,NA,NA,NA,NA,NA,NA,NA,NA,NA,NA,NA,NA,NA,NA,NA,NA,NA,NA,NA,NA,NA,NA,NA,NA,NA,NA,NA,NA,NA,NA,NA,NA,NA,NA,NA,NA,NA,NA,NA,NA,NA,"R02","Lima Market Oven Dry","Paracas","C.Cham",NA,"Gam",NA,NA,NA
"49","Lab_62",0.0436197926141532,0.000672,0.0321736469697832,43.6197926141532,0.00114053753201347,0.0246666666666667,0.0166666666666667,0.00766666666666667,5596.66666666667,0.001008,0.0467763291765602,0.00071276363543604,0.019729411020459,46.7763291765602,0.00018091693100832,0.0282842712474619,0.0240416305603426,0.015556349186104,3743.42329960158,0.00106914545315406,0.0330758595597599,0.000504,0.0139508003213831,33.0758595597599,0.00012792758874744,0.02,0.017,0.011,2647,0.000756,1.07236477693346,1.06066017177982,0.61321649482225,1.07236477693346,0.158624267882657,1.14665964516737,1.44249783362056,2.02908902427444,0.668866581227204,1.06066017177982,75.8276405675249,75,43.3609541824259,75.8276405675249,11.2164295480578,81.0810810810811,102,143.478260869565,47.2960095294818,75,2,2,2,2,2,2,2,2,2,2,NA,NA,NA,NA,NA,NA,NA,NA,NA,NA,NA,NA,NA,NA,NA,NA,NA,NA,NA,NA,"E11, E12",23.45,NA,2,"R03","Lima Market Oven Dry","Paracas","C.Cham",NA,"Gam",NA,NA,NA,NA,NA,NA,NA,NA,NA,NA,NA,NA,NA,NA,NA,NA,NA,NA,NA,NA,NA,NA,NA,NA,NA,NA,NA,NA,NA,NA,NA,NA,NA,NA,NA,NA,NA,"R03","Lima Market Oven Dry","Paracas","C.Cham",NA,"Gam",NA,NA,NA,NA,NA,NA,NA,NA,NA,NA,NA,NA,NA,NA,NA,NA,NA,NA,NA,NA,NA,NA,NA,NA,NA,NA,NA,NA,NA,NA,NA,NA,NA,NA,NA,NA,NA,NA,NA,NA,NA,NA,NA,NA,NA,NA,NA,NA,NA,NA,NA,NA,NA,NA,NA,NA,NA,NA,NA,NA,NA,NA,NA,NA,NA,NA,NA,NA,NA,NA,NA,NA,NA,NA,NA,NA,NA,NA,NA,NA,NA,NA,NA,"R03","Lima Market Oven Dry","Paracas","C.Cham",NA,"Gam",NA,NA,NA
"50","Lab_63",0.0701067667003319,0.001104,0.0733066356770877,70.1067667003319,0.00137517997202134,0.0131666666666667,0.0151666666666667,0.00416666666666667,13401.1666666667,0.001656,0.0201450447284801,0.00033941125496954,0.0244139349442816,20.1450447284801,0.0004364791369455,0.00919238815542512,0.0120208152801713,0.00919238815542512,4632.25652355307,0.00050911688245431,0.0142446977348146,0.00024,0.0172632589545487,14.2446977348146,0.00030863735758061,0.0065,0.0085,0.0065,3275.5,0.00036,0.287348078889292,0.307437730950673,0.333038540355663,0.287348078889292,0.317397828521262,0.698156062437351,0.792581227264042,2.20617315730203,0.345660690503544,0.307437730950673,20.3185775143545,21.7391304347826,23.5493810281959,20.3185775143545,22.4434156881269,49.3670886075949,56.0439560439561,156,24.441901824468,21.7391304347826,2,2,2,2,2,2,2,2,2,2,NA,NA,NA,NA,NA,NA,NA,NA,NA,NA,NA,NA,NA,NA,NA,NA,NA,NA,NA,NA,"F01, F02",23.55,NA,2,"R01","Ilo Freeze Dry","Ilo","C.Cham",NA,"Gam",NA,NA,NA,NA,NA,NA,NA,NA,NA,NA,NA,NA,NA,NA,NA,NA,NA,NA,NA,NA,NA,NA,NA,NA,NA,NA,NA,NA,NA,NA,NA,NA,NA,NA,NA,NA,NA,"R01","Ilo Freeze Dry","Ilo","C.Cham",NA,"Gam",NA,NA,NA,NA,NA,NA,NA,NA,NA,NA,NA,NA,NA,NA,NA,NA,NA,NA,NA,NA,NA,NA,NA,NA,NA,NA,NA,NA,NA,NA,NA,NA,NA,NA,NA,NA,NA,NA,NA,NA,NA,NA,NA,NA,NA,NA,NA,NA,NA,NA,NA,NA,NA,NA,NA,NA,NA,NA,NA,NA,NA,NA,NA,NA,NA,NA,NA,NA,NA,NA,NA,NA,NA,NA,NA,NA,NA,NA,NA,NA,NA,NA,NA,"R01","Ilo Freeze Dry","Ilo","C.Cham",NA,"Gam",NA,NA,NA
"51","Lab_64",0.0199425304602348,0.00036,0.033587876192641,19.9425304602348,0.00106005006627708,0.008,0.00633333333333333,-0.00066666666666666,5865,0.00054,0.00173055501646093,4.15692193816528e-05,0.00063513110412009,1.73055501646093,5.48794827142707e-06,0.00208166599946613,0.00208166599946613,0.0055075705472861,120.5086442266,6.23538290724793e-05,0.00099913640460117,2.39999999999999e-05,0.00036669311393444,0.999136404601173,3.16846841180716e-06,0.00120185042515466,0.00120185042515466,0.00317979733805648,69.5756981839045,3.59999999999998e-05,0.0867771028311393,0.115470053837924,0.0189095345141011,0.0867771028311393,0.0051770651651397,0.260208249933267,0.328684105178863,-8.26135582092917,0.0205470834145951,0.115470053837925,9.3629875929068,13.3333333333333,2.09742169363835,9.3629875929068,0.572264366428006,29.1666666666667,36.8421052631579,-400.000000000001,2.2790565501563,13.3333333333333,3,3,3,3,3,3,3,3,3,3,134,124,124,134,124,123,236,345,124,124,256,356,356,256,356,456,145,126,356,356,"F07, F08, F09, F10, F11, F12",23.9333333333333,NA,6,"R01","Ilo oven dry","Ilo","C.Cham",NA,"Gam",NA,NA,NA,NA,NA,NA,NA,NA,NA,NA,NA,NA,NA,NA,NA,NA,NA,NA,NA,NA,NA,NA,NA,NA,NA,NA,NA,NA,NA,NA,NA,NA,NA,NA,NA,NA,NA,"R01","Ilo oven dry","Ilo","C.Cham",NA,"Gam",NA,NA,NA,NA,NA,NA,NA,NA,NA,NA,NA,NA,NA,NA,NA,NA,NA,NA,NA,NA,NA,NA,NA,NA,NA,NA,NA,NA,NA,NA,NA,NA,NA,NA,NA,NA,NA,NA,NA,NA,NA,NA,NA,NA,NA,NA,NA,NA,NA,NA,NA,NA,NA,NA,NA,NA,NA,NA,NA,NA,NA,NA,NA,NA,NA,NA,NA,NA,NA,NA,NA,NA,NA,NA,NA,NA,NA,NA,NA,NA,NA,NA,NA,"R01","Ilo oven dry","Ilo","C.Cham",NA,"Gam",NA,NA,NA
"52","Lab_65",0.0887187008155673,0.001404,0.0843507996640383,88.7187008155673,0.0015478965646052,0.0176666666666667,0.0221666666666667,0.00866666666666667,15496.6666666667,0.002106,0.0245216011670029,0.00042426406871192,0.00945848983187098,24.5216011670029,0.0002077295043527,0.00282842712474619,0.00636396103067892,0.00282842712474619,1794.63701065146,0.00063639610306789,0.0173393904707397,0.00029999999999999,0.00668816229989998,17.3393904707397,0.00014688694118031,0.002,0.0045,0.002,1269,0.00044999999999999,0.276397207596396,0.302182385122456,0.112132782019178,0.276397207596396,0.134201153425059,0.160099648570539,0.287095986346418,0.326356975932253,0.115807937878132,0.302182385122456,19.5442339792437,21.3675213675213,7.92898505590739,19.5442339792437,9.48945456299158,11.3207547169811,20.3007518796992,23.0769230769231,8.18885781888579,21.3675213675213,2,2,2,2,2,2,2,2,2,2,NA,NA,NA,NA,NA,NA,NA,NA,NA,NA,NA,NA,NA,NA,NA,NA,NA,NA,NA,NA,"F03, F04",23.65,NA,2,"R02","Ilo Freeze Dry","Ilo","C.Cham",NA,"Gam",NA,NA,NA,NA,NA,NA,NA,NA,NA,NA,NA,NA,NA,NA,NA,NA,NA,NA,NA,NA,NA,NA,NA,NA,NA,NA,NA,NA,NA,NA,NA,NA,NA,NA,NA,NA,NA,"R02","Ilo Freeze Dry","Ilo","C.Cham",NA,"Gam",NA,0.8975,0.111,1.5,0.7865,103.078432338227,1.03512895392438,2.07025790784877,0.0572756492761103,0,0.707106781186548,0.0572756492761103,23.7116960746299,0.0741031782257789,0.148206356451558,0.0405,0,0.5,0.0405,16.7667010878053,0.0523988598309236,0.104797719661847,0.0638168794162789,0,0.471404520791032,0.0728234574394283,0.230035474315576,0.0715883542285612,0.0715883542285612,4.5125348189415,0,33.3333333333333,5.14939605848696,16.2659643802008,5.06206107290004,5.06206107290004,2,2,2,2,2,2,2,12,12,12,12,12,12,12,NA,NA,NA,NA,NA,NA,NA,10.4,NA,2,"R03","Mendieta","Paracas","C.Cham","Gam","No",0.329627451345912,0.00227699163317677,0.00131462173235713,0.00690777307496543,0.747367137446035,3,123,NA,NA,NA,3,"R03","Mendieta","Paracas","C.Cham","Gam","No","R02","Ilo Freeze Dry","Ilo","C.Cham",NA,"Gam",NA,NA,NA
"53","Lab_66",0.0519516806722689,0.000828,0.0561092569658397,51.9516806722689,0.00108294038492141,0.0106666666666667,0.0111666666666667,0.00266666666666667,10138.1666666667,0.001242,0.0050180813169079,8.48528137423858e-05,0.00940258859172989,5.0180813169079,8.62518427374987e-05,0,0.00070710678118654,0,1784.03040893366,0.00012727922061357,0.00354831932773109,6e-05,0.00664863415391947,3.54831932773109,6.0989262889521e-05,0,5e-04,0,1261.5,9e-05,0.0965913181628112,0.102479243650224,0.167576423217551,0.0965913181628112,0.0796459749201784,0,0.0633229953301386,0,0.175971698591165,0.102479243650224,6.83003760766711,7.24637681159421,11.8494425224117,6.83003760766711,5.63182089602719,0,4.47761194029851,0,12.4430781370728,7.2463768115942,2,2,2,2,2,2,2,2,2,2,NA,NA,NA,NA,NA,NA,NA,NA,NA,NA,NA,NA,NA,NA,NA,NA,NA,NA,NA,NA,"F05, F06",23.9,NA,2,"R03","Ilo Freeze Dry","Ilo","C.Cham",NA,"Gam",NA,NA,NA,NA,NA,NA,NA,NA,NA,NA,NA,NA,NA,NA,NA,NA,NA,NA,NA,NA,NA,NA,NA,NA,NA,NA,NA,NA,NA,NA,NA,NA,NA,NA,NA,NA,NA,"R03","Ilo Freeze Dry","Ilo","C.Cham",NA,"Gam",NA,NA,NA,NA,NA,NA,NA,NA,NA,NA,NA,NA,NA,NA,NA,NA,NA,NA,NA,NA,NA,NA,NA,NA,NA,NA,NA,NA,NA,NA,NA,NA,NA,NA,NA,NA,NA,NA,NA,NA,NA,NA,NA,NA,NA,NA,NA,NA,NA,NA,NA,NA,NA,NA,NA,NA,NA,NA,NA,NA,NA,NA,NA,NA,NA,NA,NA,NA,NA,NA,NA,NA,NA,NA,NA,NA,NA,NA,NA,NA,NA,NA,NA,"R03","Ilo Freeze Dry","Ilo","C.Cham",NA,"Gam",NA,NA,NA
"54","Lab_70",0.334046400977779,0.00386,0.292649196126106,334.046400977779,0.00731505933504551,0.0273333333333333,0.0533333333333333,0.0165,55018.8333333333,0.00579,0.0144740891591509,5.09116882454305e-05,0.0172809367022796,14.4740891591509,0.00049955155352149,0.00282842712474618,0.0014142135623731,0.00212132034355964,3278.85414436202,7.63675323681456e-05,0.0102347265959343,3.59999999999994e-05,0.0122194675274374,10.2347265959343,0.00035323629104732,0.00199999999999999,0.001,0.0015,2318.5,5.39999999999989e-05,0.0433295767198334,0.013189556540267,0.0590500057100211,0.0433295767198333,0.0682908409407159,0.103479041149251,0.0265165042944956,0.128564869306645,0.0595951230826175,0.0131895565402669,3.0638637524537,0.932642487046621,4.17546594666603,3.0638637524537,4.82889167221121,7.31707317073169,1.875,9.09090909090908,4.21401156573658,0.932642487046621,2,2,2,2,2,2,2,2,2,2,12,12,12,12,12,13,23,23,12,12,3,3,3,3,3,2,1,1,3,3,"C09, C10, C11",16.8611666666667,"2025-05-15",3,"R01","Ilo Fresh","Ilo","C.Cham",NA,"Gam",NA,NA,NA,NA,NA,NA,NA,NA,NA,NA,NA,NA,NA,NA,NA,NA,NA,NA,NA,NA,NA,NA,NA,NA,NA,NA,NA,NA,NA,NA,NA,NA,NA,NA,NA,NA,NA,"R01","Ilo Fresh","Ilo","C.Cham",NA,"Gam",NA,NA,NA,NA,NA,NA,NA,NA,NA,NA,NA,NA,NA,NA,NA,NA,NA,NA,NA,NA,NA,NA,NA,NA,NA,NA,NA,NA,NA,NA,NA,NA,NA,NA,NA,NA,NA,NA,NA,NA,NA,NA,NA,NA,NA,NA,NA,NA,NA,NA,NA,NA,NA,NA,NA,NA,NA,NA,NA,NA,NA,NA,NA,NA,NA,NA,NA,NA,NA,NA,NA,NA,NA,NA,NA,NA,NA,NA,NA,NA,NA,NA,NA,"R01","Ilo Fresh","Ilo","C.Cham",NA,"Gam",NA,NA,NA
"55","Lab_71",0.0980284510293682,0.00133333333333333,0.120506462789695,98.0284510293682,0.00245473104132459,0.038,0.0284444444444444,0.0186666666666667,22356.7777777778,0.002,0.00734883949382184,0.0001782283179894,0.0247997877976745,7.34883949382185,0.00064232069542987,0.0055075705472861,0.01209836230117,0.00208166599946613,4705.46755656926,0.00026734247698411,0.00424285445998939,0.00010290016736839,0.014318164160833,4.2428544599894,0.0003708440264125,0.00317979733805648,0.00698499273133409,0.00120185042515466,2716.70296044832,0.00015435025105259,0.0749663941096062,0.133671238492056,0.205796330118448,0.0749663941096062,0.261666424800363,0.144936067033845,0.425333049650506,0.111517821399972,0.210471634299931,0.133671238492056,8.36745735038695,15.4,23.5564667474835,8.36745735038695,29.9234305753696,14.9122807017544,48.4375,12.5,24.0916252093573,15.4,3,3,3,3,3,3,3,3,3,3,234,235,235,234,235,123,235,123,235,235,15,14,14,15,14,45,14,45,14,14,"C12, D01, D02, G01, G02",15.2762,"Mixed (2025-05-15; NA)",5,"R02","Ilo Fresh","Ilo","C.Cham",NA,"Gam",NA,NA,NA,NA,NA,NA,NA,NA,NA,NA,NA,NA,NA,NA,NA,NA,NA,NA,NA,NA,NA,NA,NA,NA,NA,NA,NA,NA,NA,NA,NA,NA,NA,NA,NA,NA,NA,"R02","Ilo Fresh","Ilo","C.Cham",NA,"Gam",NA,NA,NA,NA,NA,NA,NA,NA,NA,NA,NA,NA,NA,NA,NA,NA,NA,NA,NA,NA,NA,NA,NA,NA,NA,NA,NA,NA,NA,NA,NA,NA,NA,NA,NA,NA,NA,NA,NA,NA,NA,NA,NA,NA,NA,NA,NA,NA,NA,NA,NA,NA,NA,NA,NA,NA,NA,NA,NA,NA,NA,NA,NA,NA,NA,NA,NA,NA,NA,NA,NA,NA,NA,NA,NA,NA,NA,NA,NA,NA,NA,NA,NA,"R02","Ilo Fresh","Ilo","C.Cham",NA,"Gam",NA,NA,NA
"56","Lab_72",0.314169552230201,0.00318933333333333,0.118309283475342,314.169552230201,0.00681427929131019,0.038,0.0212222222222222,0.00911111111111111,21939.8888888889,0.004784,0.0216667494554083,0.0010620533571028,0.0404440803376875,21.6667494554083,0.00290214759437477,0.0166232768530556,0.00518901974614916,0.00287389270141724,7673.7877532208,0.0015930800356542,0.0125093036305441,0.00061317679161704,0.0233504006700907,12.5093036305441,0.0016755556948403,0.00959745336592531,0.0029958819472695,0.00165924272478534,4430.46342502608,0.00091976518742557,0.0689651473276201,0.333001679693605,0.341850437680293,0.0689651473276201,0.425892081951453,0.437454654027778,0.24450878384996,0.315427247716526,0.349764203095261,0.333001679693605,7.63732366989742,38.2943143812709,34.295378902917,7.63732366989742,48.8919888239023,46.4912280701754,25.6544502617801,34.1463414634147,35.0893096794778,38.2943143812709,3,3,3,3,3,3,3,3,3,3,235,235,145,235,235,123,145,145,145,235,14,14,23,14,14,45,23,23,23,14,"D03, D04, D05, G03, G04",14.1984,"Mixed (2025-05-15; NA)",5,"R03","Ilo Fresh","Ilo","C.Cham",NA,"Gam",NA,NA,NA,NA,NA,NA,NA,NA,NA,NA,NA,NA,NA,NA,NA,NA,NA,NA,NA,NA,NA,NA,NA,NA,NA,NA,NA,NA,NA,NA,NA,NA,NA,NA,NA,NA,NA,"R03","Ilo Fresh","Ilo","C.Cham",NA,"Gam",NA,NA,NA,NA,NA,NA,NA,NA,NA,NA,NA,NA,NA,NA,NA,NA,NA,NA,NA,NA,NA,NA,NA,NA,NA,NA,NA,NA,NA,NA,NA,NA,NA,NA,NA,NA,NA,NA,NA,NA,NA,NA,NA,NA,NA,NA,NA,NA,NA,NA,NA,NA,NA,NA,NA,NA,NA,NA,NA,NA,NA,NA,NA,NA,NA,NA,NA,NA,NA,NA,NA,NA,NA,NA,NA,NA,NA,NA,NA,NA,NA,NA,NA,"R03","Ilo Fresh","Ilo","C.Cham",NA,"Gam",NA,NA,NA
"57","Lab_73",0.765927090736439,0.00479466666666667,0.207940964892065,765.92709073644,0.00494655256179477,0.0374444444444444,0.0651111111111111,0.0275555555555556,38946.4444444444,0.007192,0.429182371585864,0.00212466405187581,0.122482418051517,429.182371585864,0.00343114821737694,0.00966283448944306,0.0294813186297382,0.00905129415751836,23239.595801929,0.00318699607781372,0.247788557766541,0.00122667536228802,0.0707152570330397,247.788557766541,0.00198097434693208,0.00557884009361475,0.0170210472469445,0.00522576711835771,13417.3868921018,0.00184001304343203,0.560343636850872,0.443130711598125,0.589024957709001,0.560343636850872,0.69364434614074,0.258057894376818,0.45278475711202,0.32847438474865,0.596706480743817,0.443130711598125,64.6269784111641,44.9388209121246,60.0311244439206,64.6269784111641,71.3571678516425,28.7833827893175,51.8771331058021,34.6774193548387,60.8139952869753,44.9388209121246,3,3,3,3,3,3,3,3,3,3,234,234,124,234,124,123,123,123,124,234,1,1,3,1,3,4,4,4,3,1,"D12, E01, G05, G06",12.050875,"Mixed (2025-05-15; NA)",4,"R03","Lima Market Fresh","Paracas","C.Cham",NA,"Gam",NA,NA,NA,NA,NA,NA,NA,NA,NA,NA,NA,NA,NA,NA,NA,NA,NA,NA,NA,NA,NA,NA,NA,NA,NA,NA,NA,NA,NA,NA,NA,NA,NA,NA,NA,NA,NA,"R03","Lima Market Fresh","Paracas","C.Cham",NA,"Gam",NA,NA,NA,NA,NA,NA,NA,NA,NA,NA,NA,NA,NA,NA,NA,NA,NA,NA,NA,NA,NA,NA,NA,NA,NA,NA,NA,NA,NA,NA,NA,NA,NA,NA,NA,NA,NA,NA,NA,NA,NA,NA,NA,NA,NA,NA,NA,NA,NA,NA,NA,NA,NA,NA,NA,NA,NA,NA,NA,NA,NA,NA,NA,NA,NA,NA,NA,NA,NA,NA,NA,NA,NA,NA,NA,NA,NA,NA,NA,NA,NA,NA,NA,"R03","Lima Market Fresh","Paracas","C.Cham",NA,"Gam",NA,NA,NA
"58","Lab_74",1.36386996031742,0.017888,NA,1363.86996031742,NA,0.0568333333333333,0.202833333333333,0.053,NA,0.026832,0.57938307436903,0.00814587011926902,NA,579.38307436903,NA,0.0134350288425444,0.0784888527117067,0.00989949493661166,NA,0.0122188051789035,0.409685700791051,0.00576,NA,409.685700791051,NA,0.0095,0.0555,0.007,NA,0.00863999999999999,0.424808149769782,0.455381826882213,NA,0.424808149769782,NA,0.236393469370283,0.386962297674807,0.186782923332296,NA,0.455381826882213,30.0384723405524,32.2003577817531,NA,30.0384723405524,NA,16.7155425219941,27.3623664749384,13.2075471698113,NA,32.2003577817531,2,2,2,2,2,2,2,2,2,2,NA,NA,NA,NA,NA,NA,NA,NA,NA,NA,NA,NA,NA,NA,NA,NA,NA,NA,NA,NA,"E02, E03",19.533,"2025-05-15",2,"R02","Lima Market Fresh","Paracas","C.Cham",NA,"Gam",NA,NA,NA,NA,NA,NA,NA,NA,NA,NA,NA,NA,NA,NA,NA,NA,NA,NA,NA,NA,NA,NA,NA,NA,NA,NA,NA,NA,NA,NA,NA,NA,NA,NA,NA,NA,NA,"R02","Lima Market Fresh","Paracas","C.Cham",NA,"Gam",NA,NA,NA,NA,NA,NA,NA,NA,NA,NA,NA,NA,NA,NA,NA,NA,NA,NA,NA,NA,NA,NA,NA,NA,NA,NA,NA,NA,NA,NA,NA,NA,NA,NA,NA,NA,NA,NA,NA,NA,NA,NA,NA,NA,NA,NA,NA,NA,NA,NA,NA,NA,NA,NA,NA,NA,NA,NA,NA,NA,NA,NA,NA,NA,NA,NA,NA,NA,NA,NA,NA,NA,NA,NA,NA,NA,NA,NA,NA,NA,NA,NA,NA,"R02","Lima Market Fresh","Paracas","C.Cham",NA,"Gam",NA,NA,NA
"59","Lab_75",1.5450846885062,0.016496,NA,1545.0846885062,NA,0.0658333333333333,0.221833333333333,0.089,NA,0.024744,0.820178541626824,0.00919804500967461,NA,820.178541626824,NA,0.0106066017177982,0.130814754519511,0.0650538238691623,NA,0.0137970675145119,0.57995380856802,0.006504,NA,579.95380856802,NA,0.0075,0.0925,0.046,NA,0.009756,0.53083080023256,0.557592447240216,NA,0.53083080023256,NA,0.161112937485543,0.589698367480892,0.730941841226543,NA,0.557592447240216,37.5354058507125,39.4277400581959,NA,37.5354058507125,NA,11.3924050632912,41.6979714500375,51.685393258427,NA,39.4277400581959,2,2,2,2,2,2,2,2,2,2,NA,NA,NA,NA,NA,NA,NA,NA,NA,NA,NA,NA,NA,NA,NA,NA,NA,NA,NA,NA,"E04, E05",15.88225,"2025-05-15",2,"R03","Lima Market Fresh","Paracas","C.Cham",NA,"Gam",NA,NA,NA,NA,NA,NA,NA,NA,NA,NA,NA,NA,NA,NA,NA,NA,NA,NA,NA,NA,NA,NA,NA,NA,NA,NA,NA,NA,NA,NA,NA,NA,NA,NA,NA,NA,NA,"R03","Lima Market Fresh","Paracas","C.Cham",NA,"Gam",NA,NA,NA,NA,NA,NA,NA,NA,NA,NA,NA,NA,NA,NA,NA,NA,NA,NA,NA,NA,NA,NA,NA,NA,NA,NA,NA,NA,NA,NA,NA,NA,NA,NA,NA,NA,NA,NA,NA,NA,NA,NA,NA,NA,NA,NA,NA,NA,NA,NA,NA,NA,NA,NA,NA,NA,NA,NA,NA,NA,NA,NA,NA,NA,NA,NA,NA,NA,NA,NA,NA,NA,NA,NA,NA,NA,NA,NA,NA,NA,NA,NA,NA,"R03","Lima Market Fresh","Paracas","C.Cham",NA,"Gam",NA,NA,NA
"60","Lab_47",NA,NA,NA,NA,NA,NA,NA,NA,NA,NA,NA,NA,NA,NA,NA,NA,NA,NA,NA,NA,NA,NA,NA,NA,NA,NA,NA,NA,NA,NA,NA,NA,NA,NA,NA,NA,NA,NA,NA,NA,NA,NA,NA,NA,NA,NA,NA,NA,NA,NA,NA,NA,NA,NA,NA,NA,NA,NA,NA,NA,NA,NA,NA,NA,NA,NA,NA,NA,NA,NA,NA,NA,NA,NA,NA,NA,NA,NA,NA,NA,NA,NA,NA,NA,NA,NA,NA,NA,NA,NA,NA,41.8482355271971,1.05365292637547,0.341,2.10730585275095,6.5238301656869,0.152564051726521,0.0473761543394987,0.305128103453042,4.61304454946657,0.107879075541118,0.0335,0.215758151082236,0.155892598182475,0.144795357092905,0.138933003928149,0.144795357092905,11.0232713311617,10.2385778884721,9.82404692082112,10.2385778884721,2,2,2,2,NA,NA,NA,NA,NA,NA,NA,NA,"F11, F12",25.2,"2025-05-30",2,"R03","Caro Caido","Marcona","C.Cham",NA,"Gam/Tetra",NA,NA,NA,NA,NA,NA,NA,NA,NA,NA,NA,NA,NA,NA,NA,NA,NA,NA,NA,NA,NA,NA,NA,NA,NA,NA,NA,NA,NA,NA,NA,NA,NA,NA,NA,NA,NA,NA,NA,NA,NA,NA,NA,NA,NA,NA,NA,NA,NA,NA,NA,NA,NA,NA,NA,NA,NA,NA,NA,NA,NA,NA,NA,NA,NA,NA,0.256681094141207,0.0101270145284418,0.00584683456408314,0.0394536830315625,4.47940457026218,3,123,NA,NA,NA,3,NA,NA,NA,NA,NA,NA,"R03","Caro Caido","Marcona","C.Cham",NA,"Gam/Tetra",NA,NA,NA
"61","Lab_28",NA,NA,NA,NA,NA,NA,NA,NA,NA,NA,NA,NA,NA,NA,NA,NA,NA,NA,NA,NA,NA,NA,NA,NA,NA,NA,NA,NA,NA,NA,NA,NA,NA,NA,NA,NA,NA,NA,NA,NA,NA,NA,NA,NA,NA,NA,NA,NA,NA,NA,NA,NA,NA,NA,NA,NA,NA,NA,NA,NA,NA,NA,NA,NA,NA,NA,NA,NA,NA,NA,NA,NA,NA,NA,NA,NA,NA,NA,NA,NA,NA,NA,NA,NA,NA,NA,NA,NA,NA,NA,NA,NA,NA,NA,NA,NA,NA,NA,NA,NA,NA,NA,NA,NA,NA,NA,NA,NA,NA,NA,NA,NA,NA,NA,NA,NA,NA,NA,NA,NA,NA,NA,NA,NA,NA,NA,NA,"R02","Mercado Lima","Paracas","C.Cham","many","Gam","Yes",NA,NA,NA,NA,NA,NA,NA,NA,NA,NA,NA,NA,NA,NA,NA,NA,NA,NA,NA,NA,NA,NA,NA,NA,NA,NA,NA,NA,NA,NA,NA,NA,NA,NA,NA,NA,NA,NA,NA,NA,NA,NA,NA,NA,NA,NA,NA,NA,NA,NA,NA,NA,NA,NA,NA,NA,NA,NA,NA,NA,NA,NA,NA,NA,NA,NA,NA,NA,NA,NA,NA,NA,NA,NA,NA,NA,NA,NA,NA,NA,NA,NA,"R02","Mercado Lima","Paracas","C.Cham","many","Gam","Yes",NA,NA
"62","Lab_29",NA,NA,NA,NA,NA,NA,NA,NA,NA,NA,NA,NA,NA,NA,NA,NA,NA,NA,NA,NA,NA,NA,NA,NA,NA,NA,NA,NA,NA,NA,NA,NA,NA,NA,NA,NA,NA,NA,NA,NA,NA,NA,NA,NA,NA,NA,NA,NA,NA,NA,NA,NA,NA,NA,NA,NA,NA,NA,NA,NA,NA,NA,NA,NA,NA,NA,NA,NA,NA,NA,NA,NA,NA,NA,NA,NA,NA,NA,NA,NA,NA,NA,NA,NA,NA,NA,NA,NA,NA,NA,NA,NA,NA,NA,NA,NA,NA,NA,NA,NA,NA,NA,NA,NA,NA,NA,NA,NA,NA,NA,NA,NA,NA,NA,NA,NA,NA,NA,NA,NA,NA,NA,NA,NA,NA,NA,NA,"R03","Mercado Lima","Paracas","C.Cham","many","Gam","Yes",NA,NA,NA,NA,NA,NA,NA,NA,NA,NA,NA,NA,NA,NA,NA,NA,NA,NA,NA,NA,NA,NA,NA,NA,NA,NA,NA,NA,NA,NA,NA,NA,NA,NA,NA,NA,NA,NA,NA,NA,NA,NA,NA,NA,NA,NA,NA,NA,NA,NA,NA,NA,NA,NA,NA,NA,NA,NA,NA,NA,NA,NA,NA,NA,NA,NA,NA,NA,NA,NA,NA,NA,NA,NA,NA,NA,NA,NA,NA,NA,NA,NA,"R03","Mercado Lima","Paracas","C.Cham","many","Gam","Yes",NA,NA
"63","Lab_32",NA,NA,NA,NA,NA,NA,NA,NA,NA,NA,NA,NA,NA,NA,NA,NA,NA,NA,NA,NA,NA,NA,NA,NA,NA,NA,NA,NA,NA,NA,NA,NA,NA,NA,NA,NA,NA,NA,NA,NA,NA,NA,NA,NA,NA,NA,NA,NA,NA,NA,NA,NA,NA,NA,NA,NA,NA,NA,NA,NA,NA,NA,NA,NA,NA,NA,NA,NA,NA,NA,NA,NA,NA,NA,NA,NA,NA,NA,NA,NA,NA,NA,NA,NA,NA,NA,NA,NA,NA,NA,NA,NA,NA,NA,NA,NA,NA,NA,NA,NA,NA,NA,NA,NA,NA,NA,NA,NA,NA,NA,NA,NA,NA,NA,NA,NA,NA,NA,NA,NA,NA,NA,NA,NA,NA,NA,NA,"R03","Mendieta","Paracas","C.Cham","I34","Gam","Yes",NA,NA,NA,NA,NA,NA,NA,NA,NA,NA,NA,NA,NA,NA,NA,NA,NA,NA,NA,NA,NA,NA,NA,NA,NA,NA,NA,NA,NA,NA,NA,NA,NA,NA,NA,NA,NA,NA,NA,NA,NA,NA,NA,NA,NA,NA,NA,NA,NA,NA,NA,NA,NA,NA,NA,NA,NA,NA,NA,NA,NA,NA,NA,NA,NA,NA,NA,NA,NA,NA,NA,NA,NA,NA,NA,NA,NA,NA,NA,NA,NA,NA,"R03","Mendieta","Paracas","C.Cham","I34","Gam","Yes",NA,NA
"64","Lab_52",NA,NA,NA,NA,NA,NA,NA,NA,NA,NA,NA,NA,NA,NA,NA,NA,NA,NA,NA,NA,NA,NA,NA,NA,NA,NA,NA,NA,NA,NA,NA,NA,NA,NA,NA,NA,NA,NA,NA,NA,NA,NA,NA,NA,NA,NA,NA,NA,NA,NA,NA,NA,NA,NA,NA,NA,NA,NA,NA,NA,NA,NA,NA,NA,NA,NA,NA,NA,NA,NA,NA,NA,NA,NA,NA,NA,NA,NA,NA,NA,NA,NA,NA,NA,NA,NA,NA,NA,NA,NA,NA,NA,NA,NA,NA,NA,NA,NA,NA,NA,NA,NA,NA,NA,NA,NA,NA,NA,NA,NA,NA,NA,NA,NA,NA,NA,NA,NA,NA,NA,NA,NA,NA,NA,NA,NA,NA,"R01","7H","Marcona","C.Cham",NA,"Carp",NA,NA,NA,NA,NA,NA,NA,NA,NA,NA,NA,NA,NA,NA,NA,NA,NA,NA,NA,NA,NA,NA,NA,NA,NA,NA,NA,NA,NA,NA,NA,NA,NA,NA,NA,NA,NA,NA,NA,NA,NA,NA,NA,NA,NA,NA,NA,NA,NA,NA,NA,NA,NA,NA,NA,NA,NA,NA,NA,NA,NA,NA,NA,NA,NA,NA,NA,NA,NA,NA,NA,NA,NA,NA,NA,NA,NA,NA,NA,NA,NA,NA,NA,"R01","7H","Marcona","C.Cham",NA,"Carp",NA,NA,NA
"65","Lab_53",NA,NA,NA,NA,NA,NA,NA,NA,NA,NA,NA,NA,NA,NA,NA,NA,NA,NA,NA,NA,NA,NA,NA,NA,NA,NA,NA,NA,NA,NA,NA,NA,NA,NA,NA,NA,NA,NA,NA,NA,NA,NA,NA,NA,NA,NA,NA,NA,NA,NA,NA,NA,NA,NA,NA,NA,NA,NA,NA,NA,NA,NA,NA,NA,NA,NA,NA,NA,NA,NA,NA,NA,NA,NA,NA,NA,NA,NA,NA,NA,NA,NA,NA,NA,NA,NA,NA,NA,NA,NA,NA,NA,NA,NA,NA,NA,NA,NA,NA,NA,NA,NA,NA,NA,NA,NA,NA,NA,NA,NA,NA,NA,NA,NA,NA,NA,NA,NA,NA,NA,NA,NA,NA,NA,NA,NA,NA,"R04","7H","Marcona","C.Cham",NA,"Carp",NA,NA,NA,NA,NA,NA,NA,NA,NA,NA,NA,NA,NA,NA,NA,NA,NA,NA,NA,NA,NA,NA,NA,NA,NA,NA,NA,NA,NA,NA,NA,NA,NA,NA,NA,NA,NA,NA,NA,NA,NA,NA,NA,NA,NA,NA,NA,NA,NA,NA,NA,NA,NA,NA,NA,NA,NA,NA,NA,NA,NA,NA,NA,NA,NA,NA,NA,NA,NA,NA,NA,NA,NA,NA,NA,NA,NA,NA,NA,NA,NA,NA,NA,"R04","7H","Marcona","C.Cham",NA,"Carp",NA,NA,NA
"66","Lab_54",NA,NA,NA,NA,NA,NA,NA,NA,NA,NA,NA,NA,NA,NA,NA,NA,NA,NA,NA,NA,NA,NA,NA,NA,NA,NA,NA,NA,NA,NA,NA,NA,NA,NA,NA,NA,NA,NA,NA,NA,NA,NA,NA,NA,NA,NA,NA,NA,NA,NA,NA,NA,NA,NA,NA,NA,NA,NA,NA,NA,NA,NA,NA,NA,NA,NA,NA,NA,NA,NA,NA,NA,NA,NA,NA,NA,NA,NA,NA,NA,NA,NA,NA,NA,NA,NA,NA,NA,NA,NA,NA,NA,NA,NA,NA,NA,NA,NA,NA,NA,NA,NA,NA,NA,NA,NA,NA,NA,NA,NA,NA,NA,NA,NA,NA,NA,NA,NA,NA,NA,NA,NA,NA,NA,NA,NA,NA,"R01","Ilo","Ilo","C.Cham","Ilo_01","Gam","Yes",NA,NA,NA,NA,NA,NA,NA,NA,NA,NA,NA,NA,NA,NA,NA,NA,NA,NA,NA,NA,NA,NA,NA,NA,NA,NA,NA,NA,NA,NA,NA,NA,NA,NA,NA,NA,NA,NA,NA,NA,NA,NA,NA,NA,NA,NA,NA,NA,NA,NA,NA,NA,NA,NA,NA,NA,NA,NA,NA,NA,NA,NA,NA,NA,NA,NA,NA,NA,NA,NA,NA,NA,NA,NA,NA,NA,NA,NA,NA,NA,NA,NA,"R01","Ilo","Ilo","C.Cham","Ilo_01","Gam","Yes",NA,NA
"67","Lab_55",NA,NA,NA,NA,NA,NA,NA,NA,NA,NA,NA,NA,NA,NA,NA,NA,NA,NA,NA,NA,NA,NA,NA,NA,NA,NA,NA,NA,NA,NA,NA,NA,NA,NA,NA,NA,NA,NA,NA,NA,NA,NA,NA,NA,NA,NA,NA,NA,NA,NA,NA,NA,NA,NA,NA,NA,NA,NA,NA,NA,NA,NA,NA,NA,NA,NA,NA,NA,NA,NA,NA,NA,NA,NA,NA,NA,NA,NA,NA,NA,NA,NA,NA,NA,NA,NA,NA,NA,NA,NA,NA,NA,NA,NA,NA,NA,NA,NA,NA,NA,NA,NA,NA,NA,NA,NA,NA,NA,NA,NA,NA,NA,NA,NA,NA,NA,NA,NA,NA,NA,NA,NA,NA,NA,NA,NA,NA,"R02","Ilo","Ilo","C.Cham","Ilo_02","Gam","Yes",NA,NA,NA,NA,NA,NA,NA,NA,NA,NA,NA,NA,NA,NA,NA,NA,NA,NA,NA,NA,NA,NA,NA,NA,NA,NA,NA,NA,NA,NA,NA,NA,NA,NA,NA,NA,NA,NA,NA,NA,NA,NA,NA,NA,NA,NA,NA,NA,NA,NA,NA,NA,NA,NA,NA,NA,NA,NA,NA,NA,NA,NA,NA,NA,NA,NA,NA,NA,NA,NA,NA,NA,NA,NA,NA,NA,NA,NA,NA,NA,NA,NA,"R02","Ilo","Ilo","C.Cham","Ilo_02","Gam","Yes",NA,NA
"68","Lab_56",NA,NA,NA,NA,NA,NA,NA,NA,NA,NA,NA,NA,NA,NA,NA,NA,NA,NA,NA,NA,NA,NA,NA,NA,NA,NA,NA,NA,NA,NA,NA,NA,NA,NA,NA,NA,NA,NA,NA,NA,NA,NA,NA,NA,NA,NA,NA,NA,NA,NA,NA,NA,NA,NA,NA,NA,NA,NA,NA,NA,NA,NA,NA,NA,NA,NA,NA,NA,NA,NA,NA,NA,NA,NA,NA,NA,NA,NA,NA,NA,NA,NA,NA,NA,NA,NA,NA,NA,NA,NA,NA,NA,NA,NA,NA,NA,NA,NA,NA,NA,NA,NA,NA,NA,NA,NA,NA,NA,NA,NA,NA,NA,NA,NA,NA,NA,NA,NA,NA,NA,NA,NA,NA,NA,NA,NA,NA,"R03","Ilo","Ilo","C.Cham","Ilo_03","Gam","Yes",NA,NA,NA,NA,NA,NA,NA,NA,NA,NA,NA,NA,NA,NA,NA,NA,NA,NA,NA,NA,NA,NA,NA,NA,NA,NA,NA,NA,NA,NA,NA,NA,NA,NA,NA,NA,NA,NA,NA,NA,NA,NA,NA,NA,NA,NA,NA,NA,NA,NA,NA,NA,NA,NA,NA,NA,NA,NA,NA,NA,NA,NA,NA,NA,NA,NA,NA,NA,NA,NA,NA,NA,NA,NA,NA,NA,NA,NA,NA,NA,NA,NA,"R03","Ilo","Ilo","C.Cham","Ilo_03","Gam","Yes",NA,NA
"69","Lab_68",NA,NA,NA,NA,NA,NA,NA,NA,NA,NA,NA,NA,NA,NA,NA,NA,NA,NA,NA,NA,NA,NA,NA,NA,NA,NA,NA,NA,NA,NA,NA,NA,NA,NA,NA,NA,NA,NA,NA,NA,NA,NA,NA,NA,NA,NA,NA,NA,NA,NA,NA,NA,NA,NA,NA,NA,NA,NA,NA,NA,NA,NA,NA,NA,NA,NA,NA,NA,NA,NA,NA,NA,NA,NA,NA,NA,NA,NA,NA,NA,NA,NA,NA,NA,NA,NA,NA,NA,NA,NA,NA,NA,NA,NA,NA,NA,NA,NA,NA,NA,NA,NA,NA,NA,NA,NA,NA,NA,NA,NA,NA,NA,NA,NA,NA,NA,NA,NA,NA,NA,NA,NA,NA,NA,NA,NA,NA,"R03","Ilo oven dry","Ilo","C.Cham",NA,"Gam",NA,NA,NA,NA,NA,NA,NA,NA,NA,NA,NA,NA,NA,NA,NA,NA,NA,NA,NA,NA,NA,NA,NA,NA,NA,NA,NA,NA,NA,NA,NA,NA,NA,NA,NA,NA,NA,NA,NA,NA,NA,NA,NA,NA,NA,NA,NA,NA,NA,NA,NA,NA,NA,NA,NA,NA,NA,NA,NA,NA,NA,NA,NA,NA,NA,NA,NA,NA,NA,NA,NA,NA,NA,NA,NA,NA,NA,NA,NA,NA,NA,NA,NA,"R03","Ilo oven dry","Ilo","C.Cham",NA,"Gam",NA,NA,NA
"70","Lab_67",NA,NA,NA,NA,NA,NA,NA,NA,NA,NA,NA,NA,NA,NA,NA,NA,NA,NA,NA,NA,NA,NA,NA,NA,NA,NA,NA,NA,NA,NA,NA,NA,NA,NA,NA,NA,NA,NA,NA,NA,NA,NA,NA,NA,NA,NA,NA,NA,NA,NA,NA,NA,NA,NA,NA,NA,NA,NA,NA,NA,NA,NA,NA,NA,NA,NA,NA,NA,NA,NA,NA,NA,NA,NA,NA,NA,NA,NA,NA,NA,NA,NA,NA,NA,NA,NA,NA,NA,NA,NA,NA,NA,NA,NA,NA,NA,NA,NA,NA,NA,NA,NA,NA,NA,NA,NA,NA,NA,NA,NA,NA,NA,NA,NA,NA,NA,NA,NA,NA,NA,NA,NA,NA,NA,NA,NA,NA,"R02","Ilo oven dry","Ilo","C.Cham",NA,"Gam",NA,NA,NA,NA,NA,NA,NA,NA,NA,NA,NA,NA,NA,NA,NA,NA,NA,NA,NA,NA,NA,NA,NA,NA,NA,NA,NA,NA,NA,NA,NA,NA,NA,NA,NA,NA,NA,NA,NA,NA,NA,NA,NA,NA,NA,NA,NA,NA,NA,NA,NA,NA,NA,NA,NA,NA,NA,NA,NA,NA,NA,NA,NA,NA,NA,NA,NA,NA,NA,NA,NA,NA,NA,NA,NA,NA,NA,NA,NA,NA,NA,NA,NA,"R02","Ilo oven dry","Ilo","C.Cham",NA,"Gam",NA,NA,NA
