"Life_S","n","mean","sd","median","IQR"
"Tetra",3,0.0622628620915789,0.0468417211162805,0.0726832621749212,0.0459642065493653
"Carp",12,0.0531547720546988,0.0569476441856469,0.0359809394304084,0.0234610526434795
"Gam",22,0.0814478100339825,0.0670919570687102,0.0563806835682392,0.0656085970976164
"Gam/Tetra",15,0.0644976956249916,0.0515517142214295,0.0570394860012474,0.0623928360215626
"Unknown",3,0.146856803303538,0.0970871117625328,0.198425515350775,0.0862056159639985
