"Location","n","mean","sd","median","IQR"
"Lima Market Freeze Dry",3,0.0672626960922927,0.0274440909513576,0.0557057619186897,0.0255539836919148
"Lima Market Oven Dry",3,0.0398902322834343,0.0063701937246556,0.0435160944206008,0.00554249139930215
"Ilo Freeze Dry",3,0.070259049396056,0.0183839831121819,0.0701067667003319,0.0183835100716492
"Ilo oven dry",1,0.0199425304602348,NA,0.0199425304602348,0
"Ilo Fresh",3,0.248748134745783,0.130904887508892,0.314169552230201,0.118008974974205
"Lima Market Fresh",3,1.22496057985335,0.407729692966148,1.36386996031742,0.389578798884881
