Life_S,n,mean,sd,median,IQR
Carp,10,36.20890766818764,7.670792042189586,37.419278498482555,11.5763762388641
Gam/Tetra,16,35.89679103668886,7.749411900224393,33.3968775989906,10.655159787696853
Unknown,3,28.3349557017945,1.654734134428355,27.6738163634424,1.552519287192549
