"Location","n","mean","sd","median","IQR"
"Mendieta",11,0.0373053002937535,0.0262511381377221,0.0340425831878114,0.0385768121115796
"Concession",6,0.0842659530831357,0.0292825192233997,0.0798843887998206,0.0363140969168076
"Caro Caido",3,0.0531654397223641,0.0273317443635173,0.0381745048047147,0.024051572769234
"7H",3,0.0257686695422259,0.0316929448457836,0.0118288084284969,0.0293036338547857
"Ilo mariculture",3,0.0412849773538528,0.0272947201583843,0.0485190579840597,0.0265660084807872
"Lima Market Oven Dry",3,0.0398902322834343,0.0063701937246556,0.0435160944206008,0.00554249139930215
