"variety","n","mean","sd","median","IQR"
"C.Cham",17,34.6408026306228,8.0257677633906,34.8410733262455,11.4143443192601
"F. Glom",11,36.2710216972703,9.01480004921195,34.0868831449488,12.9673056218349
