"Location","n","mean","sd","median","IQR"
"Mendieta",16,35.870398495678,8.32432215129121,34.6433209782641,9.84648187631417
"Concession",6,33.9225567976639,8.76681805630955,33.7711887732274,3.14249113366112
"Caro Caido",6,36.5314433505011,6.85175981899415,38.6218543476164,9.50835196962832
"7H",6,34.982857132369,9.44642867758278,33.7251541792808,8.15687504107498
"Powder Ilo",3,28.3349557017945,1.65473413442836,27.6738163634424,1.55251928719255
"Ilo mariculture",3,42.4845838329286,5.55353357598459,45.5991692386615,4.85450857372659
