Location,n,mean,sd,median,IQR
Mendieta,16,35.473032748812265,8.570041624350145,34.62868231730275,12.24622757358025
Concession,6,32.79604004609488,7.7789864736293985,32.1158926361814,3.892910184932397
Caro Caido,6,36.531443350501135,6.851759818994155,38.621854347616406,9.508351969628322
7H,6,33.519616551093,9.96010709796672,30.985831570218252,10.693516028769054
Powder Ilo,3,28.3349557017945,1.654734134428355,27.6738163634424,1.552519287192549
Ilo mariculture,3,42.484583832928635,5.553533575984589,45.5991692386615,4.854508573726591
