"variety","n","mean","sd","median","IQR"
"C.Cham",43,0.0812623134301132,0.0670159905406901,0.0561092569658397,0.0742577214395009
"F. Glom",12,0.0441878365391133,0.0346582395369773,0.0346845626427887,0.044418948842609
