comparison,diff,lwr,upr,p adj
Marcona-Paracas,0.01505457239407798,-0.05481382800865614,0.0849229727968121,0.8323744957921101
Ilo-Paracas,0.10466579621791,0.014466079155929706,0.1948655132798903,0.023787446149723834
Ilo-Marcona,0.08961122382383202,-0.009197615607028392,0.18842006325469243,0.07640185543890499
