region,n,mean,sd,median,IQR
Paracas,8,0.272563134281232,0.041217343742679755,0.2703416185717455,0.05302297664622377
Marcona,4,0.28761770667531,0.0503679182562849,0.280574697314994,0.05395169840287506
Ilo,2,0.37722893049914197,0.011274526118902778,0.37722893049914197,0.00797229387334103
