region,n,mean,sd,median,IQR
Paracas,9,79.06211818600413,11.394432876960547,81.3442851269022,11.794751162293707
Marcona,4,91.15111475594803,12.30097876679513,92.0120618460272,14.436951463082096
Ilo,3,73.55912973748113,5.16681275446982,70.9011499170894,4.625722807902008
