"Life_S","n","mean","sd","median","IQR"
"Tetra",3,32.7503028134089,8.74542307913624,34.8410733262455,8.55592974667735
"Carp",10,36.6144038053846,8.09231263068809,37.4192784984826,8.7760113442556
"Gam",8,35.9438192889762,9.99345852889076,36.0768171561421,16.2492709383442
"Gam/Tetra",16,36.3784856441847,7.51582448148103,34.4309299693214,9.26868487531463
"Unknown",3,28.3349557017945,1.65473413442836,27.6738163634424,1.55251928719255
