comparison,p adj
Marcona-Paracas,0.0656915394755175
Ilo-Paracas,0.16685896349999282
Ilo-Marcona,0.018225102397938585
