region,n,mean,sd,median,IQR
Paracas,31,0.1680037538803028,0.3693138849972291,0.0447800453514739,0.05872453402392046
Marcona,13,0.03440508911919573,0.026955693810910657,0.0278195331309536,0.019924284688157802
Ilo,13,0.10802816549643403,0.10175604782339379,0.0701067667003319,0.060781709934833096
