Location,n,mean,sd,median,IQR
Mendieta,10,0.04301149949094006,0.058328202754996165,0.0252574141217243,0.018558948884860302
Concession,6,0.08426595308313571,0.02928251922339968,0.0798843887998206,0.036314096916807606
Caro Caido,5,0.0425301234900698,0.024905062884327613,0.0366093344119548,0.003270426638015002
Powder Ilo,3,0.1011823788354443,0.037841209708050196,0.112733390607102,0.03649503729902055
Ilo mariculture,3,0.04128497735385277,0.027294720158384272,0.0485190579840597,0.026566008480787197
7H,2,0.04493088354241485,0.02419910382240694,0.04493088354241485,0.01711135041146125
